;Vertex,頂点Index,位置_x,位置_y,位置_z,法線_x,法線_y,法線_z,エッジ倍率,UV_u,UV_v,追加UV1_x,追加UV1_y,追加UV1_z,追加UV1_w,追加UV2_x,追加UV2_y,追加UV2_z,追加UV2_w,追加UV3_x,追加UV3_y,追加UV3_z,追加UV3_w,追加UV4_x,追加UV4_y,追加UV4_z,追加UV4_w,ウェイト変形タイプ(0:BDEF1/1:BDEF2/2:BDEF4/3:SDEF/4:QDEF),ウェイト1_ボーン名,ウェイト1_ウェイト値,ウェイト2_ボーン名,ウェイト2_ウェイト値,ウェイト3_ボーン名,ウェイト3_ウェイト値,ウェイト4_ボーン名,ウェイト4_ウェイト値,C_x,C_y,C_z,R0_x,R0_y,R0_z,R1_x,R1_y,R1_z
Vertex,12321,-1.126803,12.306,0.8679774,-0.5426646,0.3507513,0.7632094,1,0.270805,0.5367755,0,0,0,0,0,0,0,0,0,0,0,0,0,0,0,0,2,"下半身",0.8620399,"上半身2",0.03273072,"右足D",0.0303133,"上半身",0.07491609,0,0,0,0,0,0,0,0,0
Vertex,12325,-3.708796,5.680239,0.0248323,-0.9622867,0.2708017,-0.02590004,1,0.3500383,0.8136519,0,0,0,0,0,0,0,0,0,0,0,0,0,0,0,0,2,"右ひざD",0.3494408,"右足D",0.3976096,"装飾_10-01_J_Sec_R_CoatSkirtSide1",0.2529497,"全ての親",0,0,0,0,0,0,0,0,0,0
Vertex,12326,-3.882265,5.040127,0.01988104,-0.964353,0.258622,-0.05601803,1,0.3500383,0.8367636,0,0,0,0,0,0,0,0,0,0,0,0,0,0,0,0,1,"右ひざD",0.5,"装飾_10-01_J_Sec_R_CoatSkirtSide1",0.5,"",0,"",0,0,0,0,0,0,0,0,0,0
Vertex,12327,-3.80478,5.081507,0.7246131,-0.9395835,0.2710331,0.2091025,1,0.3305092,0.8367636,0,0,0,0,0,0,0,0,0,0,0,0,0,0,0,0,2,"右ひざD",0.7130494,"装飾_10-01_J_Sec_R_CoatSkirtSide1",0.2067549,"右足D",0.08019572,"全ての親",0,0,0,0,0,0,0,0,0,0
Vertex,12336,-3.585439,5.640822,-0.6259423,-0.9073705,0.2513014,-0.3369367,1,0.3699926,0.8136519,0,0,0,0,0,0,0,0,0,0,0,0,0,0,0,0,1,"右ひざD",0.5491835,"右足D",0.4508165,"",0,"",0,0,0,0,0,0,0,0,0,0
Vertex,12337,-3.439169,6.198438,-0.6019483,-0.9077805,0.2478615,-0.3383775,1,0.3699926,0.7936038,0,0,0,0,0,0,0,0,0,0,0,0,0,0,0,0,1,"右足D",0.8004525,"右ひざD",0.1995475,"",0,"",0,0,0,0,0,0,0,0,0,0
Vertex,12346,-3.745292,5.00315,-0.6577607,-0.9071282,0.2438007,-0.3430447,1,0.3699926,0.8367636,0,0,0,0,0,0,0,0,0,0,0,0,0,0,0,0,2,"右ひざD",0.6703284,"装飾_10-01_J_Sec_R_CoatSkirtSide1",0.2096473,"右足D",0.1200243,"全ての親",0,0,0,0,0,0,0,0,0,0
Vertex,12367,-3.902014,4.375776,-0.6819744,-0.909651,0.2400123,-0.3390119,1,0.3699926,0.8599187,0,0,0,0,0,0,0,0,0,0,0,0,0,0,0,0,2,"右ひざD",0.6290801,"装飾_10-01_J_Sec_R_CoatSkirtSide1",0.3103955,"装飾_10-02_J_Sec_R_CoatSkirtSide2",0.06052442,"全ての親",0,0,0,0,0,0,0,0,0,0
Vertex,12368,-3.418801,4.963068,-1.257966,-0.7881539,0.2319556,-0.5700965,1,0.3899836,0.8367636,0,0,0,0,0,0,0,0,0,0,0,0,0,0,0,0,2,"右ひざD",0.7303995,"右足D",0.1804844,"装飾_10-01_J_Sec_R_CoatSkirtSide1",0.0891161,"全ての親",0,0,0,0,0,0,0,0,0,0
Vertex,12369,-3.567125,4.33603,-1.307749,-0.7921408,0.2298568,-0.5654014,1,0.3899836,0.8599187,0,0,0,0,0,0,0,0,0,0,0,0,0,0,0,0,2,"右ひざD",0.8026527,"装飾_10-01_J_Sec_R_CoatSkirtSide1",0.1404504,"右足D",0.05689686,"全ての親",0,0,0,0,0,0,0,0,0,0
Vertex,12370,-3.105091,4.301003,-1.823078,-0.6661912,0.2188879,-0.7129357,1,0.4089463,0.8599187,0,0,0,0,0,0,0,0,0,0,0,0,0,0,0,0,2,"右ひざD",0.8622304,"右足D",0.07929807,"装飾_10-01_J_Sec_R_CoatSkirtSide1",0.05847152,"全ての親",0,0,0,0,0,0,0,0,0,0
Vertex,12371,-2.586856,4.270092,-2.241937,-0.5415158,0.2099589,-0.8140503,1,0.4274523,0.8599187,0,0,0,0,0,0,0,0,0,0,0,0,0,0,0,0,2,"右ひざD",0.8912821,"右足D",0.09237218,"装飾_09-01_J_Sec_R_CoatSkirtFront",0.01634566,"全ての親",0,0,0,0,0,0,0,0,0,0
Vertex,12372,-2.699143,3.624251,-2.333625,-0.5421777,0.2083044,-0.8140348,1,0.4274523,0.8837376,0,0,0,0,0,0,0,0,0,0,0,0,0,0,0,0,2,"右ひざD",0.8963839,"装飾_09-01_J_Sec_R_CoatSkirtFront",0.06406546,"装飾_10-02_J_Sec_R_CoatSkirtSide2",0.03955059,"全ての親",0,0,0,0,0,0,0,0,0,0
Vertex,12374,-2.098901,3.597606,-2.672839,-0.3973528,0.1956224,-0.8965727,1,0.4461324,0.8837376,0,0,0,0,0,0,0,0,0,0,0,0,0,0,0,0,2,"右ひざD",0.81207,"装飾_09-01_J_Sec_R_CoatSkirtFront",0.157644,"右足D",0.030286,"全ての親",0,0,0,0,0,0,0,0,0,0
Vertex,12377,-2.973161,4.926778,-1.751955,-0.66311,0.2220685,-0.7148222,1,0.4089463,0.8367636,0,0,0,0,0,0,0,0,0,0,0,0,0,0,0,0,2,"右ひざD",0.7478536,"右足D",0.2146291,"装飾_10-01_J_Sec_R_CoatSkirtSide1",0.03751735,"全ての親",0,0,0,0,0,0,0,0,0,0
Vertex,12382,-3.270895,5.598093,-1.201287,-0.7866622,0.2349849,-0.5709157,1,0.3899836,0.8136519,0,0,0,0,0,0,0,0,0,0,0,0,0,0,0,0,1,"右ひざD",0.5115023,"右足D",0.4884977,"",0,"",0,0,0,0,0,0,0,0,0,0
Vertex,12385,-2.008723,4.243385,-2.572377,-0.4012043,0.1976942,-0.8944004,1,0.4461324,0.8599187,0,0,0,0,0,0,0,0,0,0,0,0,0,0,0,0,2,"右ひざD",0.8505815,"右足D",0.1051198,"装飾_09-01_J_Sec_R_CoatSkirtFront",0.04429875,"全ての親",0,0,0,0,0,0,0,0,0,0
Vertex,12386,-1.437117,3.575081,-2.914681,-0.2532817,0.1804071,-0.9504219,1,0.464085,0.8837376,0,0,0,0,0,0,0,0,0,0,0,0,0,0,0,0,2,"右ひざD",0.9281411,"左足D",0.06005418,"右足D",0.01180476,"全ての親",0,0,0,0,0,0,0,0,0,0
Vertex,12390,-2.473093,4.895386,-2.151892,-0.5398141,0.2158944,-0.8136279,1,0.4274523,0.8367636,0,0,0,0,0,0,0,0,0,0,0,0,0,0,0,0,1,"右ひざD",0.7418959,"右足D",0.2581041,"",0,"",0,0,0,0,0,0,0,0,0,0
Vertex,12392,-2.844046,5.558728,-1.67103,-0.6597427,0.2255889,-0.7168327,1,0.4089463,0.8136519,0,0,0,0,0,0,0,0,0,0,0,0,0,0,0,0,1,"右ひざD",0.484688,"右足D",0.5153121,"",0,"",0,0,0,0,0,0,0,0,0,0
Vertex,12395,-3.13607,6.151772,-1.155061,-0.7973518,0.2318648,-0.5571973,1,0.3899836,0.7936038,0,0,0,0,0,0,0,0,0,0,0,0,0,0,0,0,1,"右足D",0.8188958,"右ひざD",0.1811042,"",0,"",0,0,0,0,0,0,0,0,0,0
Vertex,12398,-3.002786,6.700451,-1.123195,-0.7822039,0.2218288,-0.5821933,1,0.3899836,0.773494,0,0,0,0,0,0,0,0,0,0,0,0,0,0,0,0,2,"右足D",0.9641623,"右ひざD",0.03346397,"下半身",0.002373755,"全ての親",0,0,0,0,0,0,0,0,0,0
Vertex,12399,-2.724595,6.1099,-1.603422,-0.6641897,0.2200988,-0.7144288,1,0.4089463,0.7936038,0,0,0,0,0,0,0,0,0,0,0,0,0,0,0,0,1,"右足D",0.830747,"右ひざD",0.169253,"",0,"",0,0,0,0,0,0,0,0,0,0
Vertex,12403,-1.371511,4.221282,-2.810256,-0.2626017,0.1918718,-0.945635,1,0.464085,0.8599187,0,0,0,0,0,0,0,0,0,0,0,0,0,0,0,0,2,"右ひざD",0.9098858,"左足D",0.06015059,"右足D",0.02996367,"全ての親",0,0,0,0,0,0,0,0,0,0
Vertex,12405,-0.713131,4.211251,-2.964926,-0.1319226,0.1920011,-0.9724875,1,0.4814296,0.8599187,0,0,0,0,0,0,0,0,0,0,0,0,0,0,0,0,1,"右ひざD",0.7743798,"左ひざD",0.2256202,"",0,"",0,0,0,0,0,0,0,0,0,0
Vertex,12407,-1.920293,4.867892,-2.468752,-0.4033881,0.2066548,-0.8913876,1,0.4461324,0.8367636,0,0,0,0,0,0,0,0,0,0,0,0,0,0,0,0,1,"右ひざD",0.7230594,"右足D",0.2769406,"",0,"",0,0,0,0,0,0,0,0,0,0
Vertex,12409,-2.361428,5.524495,-2.055189,-0.5370792,0.2189051,-0.8146328,1,0.4274523,0.8136519,0,0,0,0,0,0,0,0,0,0,0,0,0,0,0,0,1,"右ひざD",0.4815402,"右足D",0.5184598,"",0,"",0,0,0,0,0,0,0,0,0,0
Vertex,12412,-2.603114,6.657121,-1.55232,-0.6535381,0.2066656,-0.7281327,1,0.4089463,0.773494,0,0,0,0,0,0,0,0,0,0,0,0,0,0,0,0,2,"右足D",0.9598572,"右ひざD",0.03792053,"下半身",0.002222287,"全ての親",0,0,0,0,0,0,0,0,0,0
Vertex,12414,-2.877987,7.203393,-1.101432,-0.7812769,0.2191247,-0.5844577,1,0.3899836,0.7545938,0,0,0,0,0,0,0,0,0,0,0,0,0,0,0,0,2,"右足D",0.98131,"右ひざD",0.01322076,"下半身",0.005469292,"全ての親",0,0,0,0,0,0,0,0,0,0
Vertex,12416,-0.6856448,4.829535,-2.836488,-0.1474156,0.2022614,-0.968173,1,0.4814296,0.8367636,0,0,0,0,0,0,0,0,0,0,0,0,0,0,0,0,2,"右ひざD",0.5759364,"右足D",0.2025732,"左ひざD",0.136253,"左足D",0.08523742,0,0,0,0,0,0,0,0,0
Vertex,12418,-0.003476686,4.823483,-2.884287,3.588653E-07,0.2039163,-0.9789883,1,0.4999426,0.8367636,0,0,0,0,0,0,0,0,0,0,0,0,0,0,0,0,2,"左ひざD",0.35,"右ひざD",0.35,"左足D",0.15,"右足D",0.15,0,0,0,0,0,0,0,0,0
Vertex,12419,-1.313593,4.844724,-2.698369,-0.2716292,0.2010539,-0.9411668,1,0.464085,0.8367636,0,0,0,0,0,0,0,0,0,0,0,0,0,0,0,0,2,"右ひざD",0.7574589,"右足D",0.1825411,"左足D",0.06,"全ての親",0,0,0,0,0,0,0,0,0,0
Vertex,12421,-1.833537,5.495543,-2.358503,-0.4014217,0.2120378,-0.891011,1,0.4461324,0.8136519,0,0,0,0,0,0,0,0,0,0,0,0,0,0,0,0,1,"右足D",0.5331529,"右ひざD",0.4668471,"",0,"",0,0,0,0,0,0,0,0,0,0
Vertex,12423,-2.262281,6.072705,-1.972707,-0.5393149,0.2105801,-0.8153499,1,0.4274523,0.7936038,0,0,0,0,0,0,0,0,0,0,0,0,0,0,0,0,1,"右足D",0.8126248,"右ひざD",0.1873752,"",0,"",0,0,0,0,0,0,0,0,0,0
Vertex,12426,-2.492775,7.160007,-1.512735,-0.6523735,0.1977488,-0.7316449,1,0.4089463,0.7545938,0,0,0,0,0,0,0,0,0,0,0,0,0,0,0,0,2,"右足D",0.9803439,"右ひざD",0.01436789,"下半身",0.005288251,"全ての親",0,0,0,0,0,0,0,0,0,0
Vertex,12427,-2.75463,7.706076,-1.083065,-0.7736959,0.2144781,-0.596149,1,0.3899836,0.7354382,0,0,0,0,0,0,0,0,0,0,0,0,0,0,0,0,2,"右足D",0.9823595,"下半身",0.01279502,"右ひざD",0.004845424,"全ての親",0,0,0,0,0,0,0,0,0,0
Vertex,12429,-1.26051,5.470762,-2.575619,-0.2494029,0.2063881,-0.9461512,1,0.464085,0.8136519,0,0,0,0,0,0,0,0,0,0,0,0,0,0,0,0,2,"右ひざD",0.4581804,"右足D",0.4818196,"左足D",0.06,"全ての親",0,0,0,0,0,0,0,0,0,0
Vertex,12430,-0.6542587,5.452808,-2.71247,-0.1037954,0.2030124,-0.9736593,1,0.4814296,0.8136519,0,0,0,0,0,0,0,0,0,0,0,0,0,0,0,0,2,"右足D",0.3999091,"右ひざD",0.361995,"左足D",0.1521174,"左ひざD",0.08597859,0,0,0,0,0,0,0,0,0
Vertex,12432,-1.759021,6.040985,-2.260679,-0.4031561,0.2044925,-0.891991,1,0.4461324,0.7936038,0,0,0,0,0,0,0,0,0,0,0,0,0,0,0,0,1,"右足D",0.808176,"右ひざD",0.191824,"",0,"",0,0,0,0,0,0,0,0,0,0
Vertex,12434,-2.158589,6.619381,-1.906977,-0.5363155,0.1982308,-0.8204086,1,0.4274523,0.773494,0,0,0,0,0,0,0,0,0,0,0,0,0,0,0,0,2,"右足D",0.9517993,"右ひざD",0.04607981,"下半身",0.002120869,"全ての親",0,0,0,0,0,0,0,0,0,0
Vertex,12437,-2.383546,7.662968,-1.478748,-0.6392626,0.1896548,-0.7452345,1,0.4089463,0.7354382,0,0,0,0,0,0,0,0,0,0,0,0,0,0,0,0,2,"右足D",0.9814469,"下半身",0.01370859,"右ひざD",0.004844484,"全ての親",0,0,0,0,0,0,0,0,0,0
Vertex,12438,-2.271793,8.162543,-1.450713,-0.649159,0.18536,-0.7377224,1,0.4089463,0.7160512,0,0,0,0,0,0,0,0,0,0,0,0,0,0,0,0,1,"右足D",0.973858,"下半身",0.026142,"",0,"",0,0,0,0,0,0,0,0,0,0
Vertex,12440,-2.062005,7.122841,-1.850135,-0.5317607,0.1890495,-0.8255246,1,0.4274523,0.7545938,0,0,0,0,0,0,0,0,0,0,0,0,0,0,0,0,2,"右足D",0.9798469,"右ひざD",0.01472423,"下半身",0.005428849,"全ての親",0,0,0,0,0,0,0,0,0,0
Vertex,12444,-1.677817,6.586686,-2.176799,-0.4002573,0.1931406,-0.8958185,1,0.4461324,0.773494,0,0,0,0,0,0,0,0,0,0,0,0,0,0,0,0,2,"右足D",0.9497867,"右ひざD",0.04778548,"下半身",0.00242778,"全ての親",0,0,0,0,0,0,0,0,0,0
Vertex,12448,-1.215642,6.013968,-2.469311,-0.2611305,0.1978792,-0.9448041,1,0.464085,0.7936038,0,0,0,0,0,0,0,0,0,0,0,0,0,0,0,0,2,"右足D",0.7436219,"右ひざD",0.1963781,"左足D",0.06,"全ての親",0,0,0,0,0,0,0,0,0,0
Vertex,12450,-1.965903,7.625865,-1.801097,-0.5250308,0.1814002,-0.8315267,1,0.4274523,0.7354382,0,0,0,0,0,0,0,0,0,0,0,0,0,0,0,0,2,"右足D",0.9811121,"下半身",0.01310008,"右ひざD",0.005787779,"全ての親",0,0,0,0,0,0,0,0,0,0
Vertex,12452,-1.601764,7.091257,-2.103884,-0.3976166,0.1830598,-0.8991052,1,0.4461324,0.7545938,0,0,0,0,0,0,0,0,0,0,0,0,0,0,0,0,2,"右足D",0.9779528,"右ひざD",0.01536741,"下半身",0.006679834,"全ての親",0,0,0,0,0,0,0,0,0,0
Vertex,12453,-1.871246,8.12718,-1.751524,-0.5179096,0.1702444,-0.8383236,1,0.4274523,0.7160512,0,0,0,0,0,0,0,0,0,0,0,0,0,0,0,0,1,"右足D",0.9728147,"下半身",0.02718526,"",0,"",0,0,0,0,0,0,0,0,0,0
Vertex,12454,-2.164701,8.661617,-1.429052,-0.6497765,0.1732217,-0.7401248,1,0.4089463,0.6962823,0,0,0,0,0,0,0,0,0,0,0,0,0,0,0,0,1,"右足D",0.9530632,"下半身",0.04693681,"",0,"",0,0,0,0,0,0,0,0,0,0
Vertex,12457,-0.6290149,5.992974,-2.602882,-0.1390568,0.2017453,-0.9695164,1,0.4814296,0.7936038,0,0,0,0,0,0,0,0,0,0,0,0,0,0,0,0,2,"右足D",0.581542,"左足D",0.2203409,"右ひざD",0.1716264,"左ひざD",0.02649067,0,0,0,0,0,0,0,0,0
Vertex,12458,-0.003481911,5.984803,-2.647487,-8.506395E-07,0.2007407,-0.9796444,1,0.4999426,0.7936038,0,0,0,0,0,0,0,0,0,0,0,0,0,0,0,0,2,"左足D",0.39,"右足D",0.39,"左ひざD",0.11,"右ひざD",0.11,0,0,0,0,0,0,0,0,0
Vertex,12460,-1.163405,6.558602,-2.373963,-0.2599962,0.185886,-0.9475486,1,0.464085,0.773494,0,0,0,0,0,0,0,0,0,0,0,0,0,0,0,0,2,"右足D",0.8982894,"左足D",0.06,"右ひざD",0.04171055,"全ての親",0,0,0,0,0,0,0,0,0,0
Vertex,12462,-0.6000548,6.536085,-2.499419,-0.1162752,0.1874475,-0.9753684,1,0.4814296,0.773494,0,0,0,0,0,0,0,0,0,0,0,0,0,0,0,0,1,"右足D",0.7306546,"左足D",0.2693454,"",0,"",0,0,0,0,0,0,0,0,0,0
Vertex,12464,-1.524592,7.595417,-2.038061,-0.3922953,0.175765,-0.9028904,1,0.4461324,0.7354382,0,0,0,0,0,0,0,0,0,0,0,0,0,0,0,0,2,"右足D",0.9771118,"下半身",0.01663182,"右ひざD",0.006256375,"全ての親",0,0,0,0,0,0,0,0,0,0
Vertex,12467,-1.77986,8.628184,-1.713499,-0.5102215,0.1567964,-0.8456293,1,0.4274523,0.6962823,0,0,0,0,0,0,0,0,0,0,0,0,0,0,0,0,1,"右足D",0.9495454,"下半身",0.05045462,"",0,"",0,0,0,0,0,0,0,0,0,0
Vertex,12468,-2.075315,9.099062,-1.409139,-0.6384986,0.169709,-0.7506787,1,0.4079034,0.6784872,0,0,0,0,0,0,0,0,0,0,0,0,0,0,0,0,1,"右足D",0.9234777,"下半身",0.07652229,"",0,"",0,0,0,0,0,0,0,0,0,0
Vertex,12469,-1.112225,7.063021,-2.290322,-0.2601455,0.176391,-0.9493211,1,0.464085,0.7545938,0,0,0,0,0,0,0,0,0,0,0,0,0,0,0,0,2,"右足D",0.9246727,"左足D",0.06037208,"右ひざD",0.01495526,"全ての親",0,0,0,0,0,0,0,0,0,0
Vertex,12470,-1.445828,8.097844,-1.975603,-0.3851035,0.1646097,-0.9080743,1,0.4461324,0.7160512,0,0,0,0,0,0,0,0,0,0,0,0,0,0,0,0,1,"右足D",0.9650823,"下半身",0.03491765,"",0,"",0,0,0,0,0,0,0,0,0,0
Vertex,12473,-1.705287,9.066311,-1.680192,-0.4917578,0.153358,-0.8571205,1,0.4274523,0.6784872,0,0,0,0,0,0,0,0,0,0,0,0,0,0,0,0,1,"右足D",0.9164469,"下半身",0.08355314,"",0,"",0,0,0,0,0,0,0,0,0,0
Vertex,12474,-1.633939,9.503699,-1.642629,-0.5037287,0.1591374,-0.8490775,1,0.4274523,0.6602798,0,0,0,0,0,0,0,0,0,0,0,0,0,0,0,0,1,"右足D",0.8727286,"下半身",0.1272714,"",0,"",0,0,0,0,0,0,0,0,0,0
Vertex,12475,-1.368889,8.599923,-1.922088,-0.3738086,0.1512184,-0.9150957,1,0.4461324,0.6962823,0,0,0,0,0,0,0,0,0,0,0,0,0,0,0,0,1,"右足D",0.9383837,"下半身",0.0616163,"",0,"",0,0,0,0,0,0,0,0,0,0
Vertex,12479,-1.305526,9.038409,-1.878466,-0.3596921,0.1441919,-0.9218624,1,0.4461324,0.6784872,0,0,0,0,0,0,0,0,0,0,0,0,0,0,0,0,1,"右足D",0.9069102,"下半身",0.09308982,"",0,"",0,0,0,0,0,0,0,0,0,0
Vertex,12481,-1.246204,9.476209,-1.833218,-0.3677899,0.1467373,-0.9182585,1,0.4461324,0.6602798,0,0,0,0,0,0,0,0,0,0,0,0,0,0,0,0,1,"右足D",0.8650172,"下半身",0.1349828,"",0,"",0,0,0,0,0,0,0,0,0,0
Vertex,12482,-1.058793,7.568366,-2.212712,-0.256262,0.1730465,-0.9509915,1,0.464085,0.7354382,0,0,0,0,0,0,0,0,0,0,0,0,0,0,0,0,2,"右足D",0.9245797,"左足D",0.06038919,"下半身",0.01503105,"全ての親",0,0,0,0,0,0,0,0,0,0
Vertex,12484,-0.5752786,7.04027,-2.410161,-0.1254388,0.1741357,-0.9766995,1,0.4814296,0.7545938,0,0,0,0,0,0,0,0,0,0,0,0,0,0,0,0,1,"右足D",0.7329023,"左足D",0.2670977,"",0,"",0,0,0,0,0,0,0,0,0,0
Vertex,12485,-1.003235,8.0711,-2.135261,-0.2485852,0.1619751,-0.9549709,1,0.464085,0.7160512,0,0,0,0,0,0,0,0,0,0,0,0,0,0,0,0,2,"右足D",0.9093624,"左足D",0.06001677,"下半身",0.03062085,"全ての親",0,0,0,0,0,0,0,0,0,0
Vertex,12488,-0.5503567,7.544029,-2.325599,-0.1256201,0.1720608,-0.9770438,1,0.4814296,0.7354382,0,0,0,0,0,0,0,0,0,0,0,0,0,0,0,0,1,"右足D",0.734146,"左足D",0.265854,"",0,"",0,0,0,0,0,0,0,0,0,0
Vertex,12489,-0.8560599,9.451524,-1.963973,-0.2529467,0.1326847,-0.9583386,1,0.464085,0.6602798,0,0,0,0,0,0,0,0,0,0,0,0,0,0,0,0,2,"右足D",0.8086028,"下半身",0.1313972,"左足D",0.06,"全ての親",0,0,0,0,0,0,0,0,0,0
Vertex,12490,-0.811336,9.890901,-1.912581,-0.2614215,0.1329442,-0.9560254,1,0.464085,0.6416167,0,0,0,0,0,0,0,0,0,0,0,0,0,0,0,0,2,"右足D",0.7094737,"下半身",0.2305263,"左足D",0.06,"全ての親",0,0,0,0,0,0,0,0,0,0
Vertex,12492,-0.9486006,8.573862,-2.066878,-0.2436963,0.1436721,-0.9591509,1,0.464085,0.6962823,0,0,0,0,0,0,0,0,0,0,0,0,0,0,0,0,2,"右足D",0.8844475,"左足D",0.06000188,"下半身",0.05555063,"全ての親",0,0,0,0,0,0,0,0,0,0
Vertex,12494,-0.5212781,8.045731,-2.240217,-0.1221604,0.1668724,-0.9783815,1,0.4814296,0.7160512,0,0,0,0,0,0,0,0,0,0,0,0,0,0,0,0,1,"右足D",0.7212814,"左足D",0.2787186,"",0,"",0,0,0,0,0,0,0,0,0,0
Vertex,12496,-0.4301215,9.875256,-1.998702,-0.1494808,0.115732,-0.9819682,1,0.4814296,0.6416167,0,0,0,0,0,0,0,0,0,0,0,0,0,0,0,0,2,"右足D",0.5519756,"下半身",0.3049738,"左足D",0.1430505,"全ての親",0,0,0,0,0,0,0,0,0,0
Vertex,12497,-0.4064481,10.31594,-1.946295,-0.1647307,0.1145967,-0.9796588,1,0.4814296,0.6224543,0,0,0,0,0,0,0,0,0,0,0,0,0,0,0,0,2,"下半身",0.4900291,"右足D",0.4037588,"左足D",0.1062121,"全ての親",0,0,0,0,0,0,0,0,0,0
Vertex,12499,-0.9005657,9.012854,-2.014574,-0.2368769,0.1351116,-0.9620988,1,0.464085,0.6784872,0,0,0,0,0,0,0,0,0,0,0,0,0,0,0,0,2,"右足D",0.8541319,"下半身",0.08586813,"左足D",0.06,"全ての親",0,0,0,0,0,0,0,0,0,0
Vertex,12501,-0.4973589,8.547386,-2.16091,-0.1192378,0.1435119,-0.9824392,1,0.4814296,0.6962823,0,0,0,0,0,0,0,0,0,0,0,0,0,0,0,0,1,"右足D",0.7318726,"左足D",0.2681274,"",0,"",0,0,0,0,0,0,0,0,0,0
Vertex,12503,-0.4558326,9.432221,-2.049566,-0.1354799,0.1169677,-0.9838515,1,0.4814296,0.6602798,0,0,0,0,0,0,0,0,0,0,0,0,0,0,0,0,2,"右足D",0.6772945,"左足D",0.1732164,"下半身",0.1494891,"全ての親",0,0,0,0,0,0,0,0,0,0
Vertex,12504,-0.4784943,8.993132,-2.10272,-0.1221112,0.1222759,-0.9849555,1,0.4814296,0.6784872,0,0,0,0,0,0,0,0,0,0,0,0,0,0,0,0,2,"右足D",0.7062322,"左足D",0.1873478,"下半身",0.10642,"全ての親",0,0,0,0,0,0,0,0,0,0
Vertex,12506,-0.003483579,10.30928,-1.987888,-4.178877E-07,0.1034087,-0.9946389,1,0.4999426,0.6224543,0,0,0,0,0,0,0,0,0,0,0,0,0,0,0,0,2,"下半身",0.58,"左足D",0.21,"右足D",0.21,"全ての親",0,0,0,0,0,0,0,0,0,0
Vertex,12507,-0.003037837,10.71168,-1.946282,0.0001911321,0.105888,-0.994378,1,0.4999426,0.6042422,0,0,0,0,0,0,0,0,0,0,0,0,0,0,0,0,2,"下半身",0.77,"左足D",0.12,"右足D",0.11,"全ての親",0,0,0,0,0,0,0,0,0,0
Vertex,12508,-0.003483922,9.869066,-2.036673,-7.455879E-07,0.1030073,-0.9946806,1,0.4999426,0.6416167,0,0,0,0,0,0,0,0,0,0,0,0,0,0,0,0,2,"下半身",0.3939394,"左足D",0.3030303,"右足D",0.3030303,"全ての親",0,0,0,0,0,0,0,0,0,0
Vertex,12509,-0.003484175,9.425588,-2.083873,-1.044342E-06,0.1063373,-0.9943301,1,0.4999426,0.6602798,0,0,0,0,0,0,0,0,0,0,0,0,0,0,0,0,2,"左足D",0.39,"右足D",0.39,"下半身",0.22,"全ての親",0,0,0,0,0,0,0,0,0,0
Vertex,12515,-0.00348432,8.980119,-2.133228,-1.210255E-06,0.1187664,-0.9929222,1,0.4999426,0.6784872,0,0,0,0,0,0,0,0,0,0,0,0,0,0,0,0,2,"左足D",0.4653465,"右足D",0.4653465,"下半身",0.06930693,"全ての親",0,0,0,0,0,0,0,0,0,0
Vertex,12521,-0.0043019,8.540526,-2.191119,-1.03515E-06,0.1513734,-0.9884766,1,0.4999426,0.6962823,0,0,0,0,0,0,0,0,0,0,0,0,0,0,0,0,2,"左足D",0.4653465,"右足D",0.4653465,"下半身",0.06930693,"全ての親",0,0,0,0,0,0,0,0,0,0
Vertex,12523,0.3994807,10.31595,-1.946294,0.1647539,0.1145823,-0.9796566,1,0.5184557,0.6224543,0,0,0,0,0,0,0,0,0,0,0,0,0,0,0,0,2,"下半身",0.4900291,"左足D",0.4037588,"右足D",0.1062121,"全ての親",0,0,0,0,0,0,0,0,0,0
Vertex,12524,0.3773769,10.72013,-1.897979,0.1829972,0.120569,-0.9756922,1,0.5184557,0.6042422,0,0,0,0,0,0,0,0,0,0,0,0,0,0,0,0,2,"下半身",0.7346429,"左足D",0.1968957,"右足D",0.06846141,"全ての親",0,0,0,0,0,0,0,0,0,0
Vertex,12525,0.4231535,9.875255,-1.998701,0.1494792,0.115732,-0.9819685,1,0.5184557,0.6416167,0,0,0,0,0,0,0,0,0,0,0,0,0,0,0,0,2,"左足D",0.5519756,"下半身",0.3049738,"右足D",0.1430505,"全ての親",0,0,0,0,0,0,0,0,0,0
Vertex,12526,0.448864,9.432222,-2.049564,0.1354778,0.1169678,-0.9838518,1,0.5184557,0.6602798,0,0,0,0,0,0,0,0,0,0,0,0,0,0,0,0,2,"左足D",0.6772945,"右足D",0.1732164,"下半身",0.1494891,"全ての親",0,0,0,0,0,0,0,0,0,0
Vertex,12529,0.4715258,8.99313,-2.102719,0.1221089,0.1222757,-0.9849558,1,0.5184557,0.6784872,0,0,0,0,0,0,0,0,0,0,0,0,0,0,0,0,2,"左足D",0.7062322,"右足D",0.1873478,"下半身",0.10642,"全ての親",0,0,0,0,0,0,0,0,0,0
Vertex,12531,-0.003484144,8.036445,-2.276231,-1.001824E-06,0.1698465,-0.9854705,1,0.4999426,0.7160512,0,0,0,0,0,0,0,0,0,0,0,0,0,0,0,0,1,"左足D",0.5,"右足D",0.5,"",0,"",0,0,0,0,0,0,0,0,0,0
Vertex,12535,0.4903905,8.547386,-2.160909,0.1191142,0.1434826,-0.9824584,1,0.5184557,0.6962823,0,0,0,0,0,0,0,0,0,0,0,0,0,0,0,0,1,"左足D",0.7318726,"右足D",0.2681274,"",0,"",0,0,0,0,0,0,0,0,0,0
Vertex,12537,-0.003484036,7.534439,-2.36554,-1.185675E-06,0.170114,-0.9854244,1,0.4999426,0.7354382,0,0,0,0,0,0,0,0,0,0,0,0,0,0,0,0,1,"左足D",0.5,"右足D",0.5,"",0,"",0,0,0,0,0,0,0,0,0,0
Vertex,12540,0.5143099,8.045729,-2.240216,0.1220963,0.166897,-0.9783853,1,0.5184557,0.7160512,0,0,0,0,0,0,0,0,0,0,0,0,0,0,0,0,1,"左足D",0.7212814,"右足D",0.2787186,"",0,"",0,0,0,0,0,0,0,0,0,0
Vertex,12542,-0.003483919,7.030864,-2.450871,-1.253289E-06,0.1731351,-0.9848981,1,0.4999426,0.7545938,0,0,0,0,0,0,0,0,0,0,0,0,0,0,0,0,1,"左足D",0.5,"右足D",0.5,"",0,"",0,0,0,0,0,0,0,0,0,0
Vertex,12546,0.5433886,7.544026,-2.325598,0.1256179,0.172061,-0.9770441,1,0.5184557,0.7354382,0,0,0,0,0,0,0,0,0,0,0,0,0,0,0,0,1,"左足D",0.734146,"右足D",0.265854,"",0,"",0,0,0,0,0,0,0,0,0,0
Vertex,12549,-0.003482251,12.33926,1.217971,9.610874E-08,0.4151967,0.9097316,1,0.8033481,0.5367755,0,0,0,0,0,0,0,0,0,0,0,0,0,0,0,0,1,"下半身",0.8983729,"上半身",0.1016271,"",0,"",0,0,0,0,0,0,0,0,0,0
Vertex,12551,-0.003483818,6.526902,-2.540639,-1.190448E-06,0.1864901,-0.9824569,1,0.4999426,0.773494,0,0,0,0,0,0,0,0,0,0,0,0,0,0,0,0,1,"左足D",0.5,"右足D",0.5,"",0,"",0,0,0,0,0,0,0,0,0,0
Vertex,12554,0.5683107,7.04027,-2.41016,0.1254364,0.1741358,-0.9766998,1,0.5184557,0.7545938,0,0,0,0,0,0,0,0,0,0,0,0,0,0,0,0,1,"左足D",0.7329023,"右足D",0.2670977,"",0,"",0,0,0,0,0,0,0,0,0,0
Vertex,12557,0.5930874,6.536084,-2.499418,0.1162727,0.1874477,-0.9753687,1,0.5184557,0.773494,0,0,0,0,0,0,0,0,0,0,0,0,0,0,0,0,1,"左足D",0.7306546,"右足D",0.2693454,"",0,"",0,0,0,0,0,0,0,0,0,0
Vertex,12560,0.9416324,8.573859,-2.066876,0.2436942,0.1436721,-0.9591514,1,0.5358003,0.6962823,0,0,0,0,0,0,0,0,0,0,0,0,0,0,0,0,2,"左足D",0.8844475,"右足D",0.06000188,"下半身",0.05555063,"全ての親",0,0,0,0,0,0,0,0,0,0
Vertex,12562,0.996267,8.071098,-2.13526,0.2485828,0.1619749,-0.9549716,1,0.5358003,0.7160512,0,0,0,0,0,0,0,0,0,0,0,0,0,0,0,0,2,"左足D",0.9093624,"右足D",0.06001677,"下半身",0.03062085,"全ての親",0,0,0,0,0,0,0,0,0,0
Vertex,12563,0.259766,12.32973,1.188666,0.1466682,0.3884731,0.9097126,1,0.7861173,0.5367755,0,0,0,0,0,0,0,0,0,0,0,0,0,0,0,0,2,"下半身",0.8956133,"左足D",0.005157882,"上半身2",0.003447825,"上半身",0.09578101,0,0,0,0,0,0,0,0,0
Vertex,12565,1.051825,7.568364,-2.212711,0.2562594,0.1730464,-0.9509921,1,0.5358003,0.7354382,0,0,0,0,0,0,0,0,0,0,0,0,0,0,0,0,2,"左足D",0.9245797,"右足D",0.06038919,"下半身",0.01503105,"全ての親",0,0,0,0,0,0,0,0,0,0
Vertex,12567,1.105257,7.063017,-2.29032,0.2601431,0.176391,-0.9493217,1,0.5358003,0.7545938,0,0,0,0,0,0,0,0,0,0,0,0,0,0,0,0,2,"左足D",0.9246727,"右足D",0.06037208,"左ひざD",0.01495526,"全ての親",0,0,0,0,0,0,0,0,0,0
Vertex,12568,1.156438,6.558601,-2.373961,0.2599938,0.1858865,-0.9475492,1,0.5358003,0.773494,0,0,0,0,0,0,0,0,0,0,0,0,0,0,0,0,2,"左足D",0.8982894,"右足D",0.06,"左ひざD",0.04171055,"全ての親",0,0,0,0,0,0,0,0,0,0
Vertex,12571,0.8935976,9.012852,-2.014573,0.236875,0.1351116,-0.9620993,1,0.5358003,0.6784872,0,0,0,0,0,0,0,0,0,0,0,0,0,0,0,0,2,"左足D",0.8541319,"下半身",0.08586813,"右足D",0.06,"全ての親",0,0,0,0,0,0,0,0,0,0
Vertex,12573,0.2911958,11.93177,1.33163,0.160445,0.3208846,0.9334294,1,0.7861173,0.5616863,0,0,0,0,0,0,0,0,0,0,0,0,0,0,0,0,1,"下半身",0.9692486,"左足D",0.03075141,"",0,"",0,0,0,0,0,0,0,0,0,0
Vertex,12574,-0.004302859,11.93437,1.372707,0.0003185355,0.3349379,0.9422402,1,0.8033481,0.5616863,0,0,0,0,0,0,0,0,0,0,0,0,0,0,0,0,1,"下半身",0.9692486,"右足D",0.03075141,"",0,"",0,0,0,0,0,0,0,0,0,0
Vertex,12576,0.8490915,9.451524,-1.963972,0.2529448,0.1326847,-0.958339,1,0.5358003,0.6602798,0,0,0,0,0,0,0,0,0,0,0,0,0,0,0,0,2,"左足D",0.8086028,"下半身",0.1313972,"右足D",0.06,"全ての親",0,0,0,0,0,0,0,0,0,0
Vertex,12577,0.5381824,12.3264,1.137037,0.2489566,0.3867972,0.8879237,1,0.7683282,0.5367755,0,0,0,0,0,0,0,0,0,0,0,0,0,0,0,0,2,"下半身",0.8953391,"上半身2",0.006440317,"左足D",0.00583693,"上半身",0.09238363,0,0,0,0,0,0,0,0,0
Vertex,12578,1.298558,9.038405,-1.878465,0.35969,0.1441919,-0.9218633,1,0.5537528,0.6784872,0,0,0,0,0,0,0,0,0,0,0,0,0,0,0,0,1,"左足D",0.9069102,"下半身",0.09308982,"",0,"",0,0,0,0,0,0,0,0,0,0
Vertex,12579,1.361921,8.599921,-1.922087,0.3738063,0.1512185,-0.9150966,1,0.5537528,0.6962823,0,0,0,0,0,0,0,0,0,0,0,0,0,0,0,0,1,"左足D",0.9383837,"下半身",0.0616163,"",0,"",0,0,0,0,0,0,0,0,0,0
Vertex,12582,1.43886,8.097841,-1.975603,0.3851009,0.1646098,-0.9080754,1,0.5537528,0.7160512,0,0,0,0,0,0,0,0,0,0,0,0,0,0,0,0,1,"左足D",0.9650823,"下半身",0.03491765,"",0,"",0,0,0,0,0,0,0,0,0,0
Vertex,12583,1.517625,7.595414,-2.03806,0.3922929,0.175765,-0.9028915,1,0.5537528,0.7354382,0,0,0,0,0,0,0,0,0,0,0,0,0,0,0,0,2,"左足D",0.9771118,"下半身",0.01663182,"左ひざD",0.006256375,"全ての親",0,0,0,0,0,0,0,0,0,0
Vertex,12586,0.8043678,9.890898,-1.91258,0.2614195,0.1329441,-0.956026,1,0.5358003,0.6416167,0,0,0,0,0,0,0,0,0,0,0,0,0,0,0,0,2,"左足D",0.7094737,"下半身",0.2305263,"右足D",0.06,"全ての親",0,0,0,0,0,0,0,0,0,0
Vertex,12587,0.5795578,11.92769,1.270781,0.2751979,0.3142538,0.9085762,1,0.7683282,0.5616863,0,0,0,0,0,0,0,0,0,0,0,0,0,0,0,0,1,"下半身",0.9606656,"左足D",0.03933442,"",0,"",0,0,0,0,0,0,0,0,0,0
Vertex,12588,0.3258938,11.4516,1.48154,0.1634761,0.2967881,0.9408466,1,0.7861173,0.5855598,0,0,0,0,0,0,0,0,0,0,0,0,0,0,0,0,2,"下半身",0.9012064,"左足D",0.07606867,"右足D",0.02272495,"全ての親",0,0,0,0,0,0,0,0,0,0
Vertex,12589,1.239235,9.476208,-1.833218,0.3677879,0.1467369,-0.9182594,1,0.5537528,0.6602798,0,0,0,0,0,0,0,0,0,0,0,0,0,0,0,0,1,"左足D",0.8650172,"下半身",0.1349828,"",0,"",0,0,0,0,0,0,0,0,0,0
Vertex,12591,0.7645398,10.33163,-1.859662,0.2780955,0.1303621,-0.9516662,1,0.5358003,0.6224543,0,0,0,0,0,0,0,0,0,0,0,0,0,0,0,0,1,"左足D",0.5992777,"下半身",0.4007223,"",0,"",0,0,0,0,0,0,0,0,0,0
Vertex,12594,1.594797,7.091255,-2.103883,0.3976139,0.1830601,-0.8991063,1,0.5537528,0.7545938,0,0,0,0,0,0,0,0,0,0,0,0,0,0,0,0,2,"左足D",0.9779528,"左ひざD",0.01536741,"下半身",0.006679834,"全ての親",0,0,0,0,0,0,0,0,0,0
Vertex,12595,0.8223769,12.318,1.036518,0.3977503,0.3737581,0.8379139,1,0.7494269,0.5367755,0,0,0,0,0,0,0,0,0,0,0,0,0,0,0,0,2,"下半身",0.8678683,"上半身2",0.02754624,"左足D",0.02049314,"上半身",0.0840923,0,0,0,0,0,0,0,0,0
Vertex,12596,1.180018,9.914005,-1.785439,0.3584417,0.145722,-0.9221088,1,0.5537528,0.6416167,0,0,0,0,0,0,0,0,0,0,0,0,0,0,0,0,1,"左足D",0.7804258,"下半身",0.2195742,"",0,"",0,0,0,0,0,0,0,0,0,0
Vertex,12597,0.7181636,10.73444,-1.815791,0.2803752,0.1294313,-0.9511243,1,0.5358003,0.6042422,0,0,0,0,0,0,0,0,0,0,0,0,0,0,0,0,1,"下半身",0.6693805,"左足D",0.3306195,"",0,"",0,0,0,0,0,0,0,0,0,0
Vertex,12598,0.6363978,11.44739,1.415023,0.2828485,0.3005527,0.9108593,1,0.7683282,0.5855598,0,0,0,0,0,0,0,0,0,0,0,0,0,0,0,0,1,"下半身",0.902693,"左足D",0.09730703,"",0,"",0,0,0,0,0,0,0,0,0,0
Vertex,12599,0.6701977,11.13244,-1.769918,0.2694591,0.1224535,-0.9551947,1,0.5358003,0.5855598,0,0,0,0,0,0,0,0,0,0,0,0,0,0,0,0,1,"下半身",0.9566981,"左足D",0.04330194,"",0,"",0,0,0,0,0,0,0,0,0,0
Vertex,12600,0.3477097,11.05135,1.600786,0.1579533,0.2873075,0.9447249,1,0.7861173,0.6042422,0,0,0,0,0,0,0,0,0,0,0,0,0,0,0,0,2,"下半身",0.8176043,"左足D",0.132621,"右足D",0.04977469,"全ての親",0,0,0,0,0,0,0,0,0,0
Vertex,12601,0.9988335,11.14572,-1.66362,0.3531988,0.1300809,-0.9264608,1,0.5537528,0.5855598,0,0,0,0,0,0,0,0,0,0,0,0,0,0,0,0,1,"下半身",0.909752,"左足D",0.09024799,"",0,"",0,0,0,0,0,0,0,0,0,0
Vertex,12603,0.9481054,11.65582,-1.613805,0.3817806,0.1121317,-0.9174258,1,0.5537528,0.5616863,0,0,0,0,0,0,0,0,0,0,0,0,0,0,0,0,1,"下半身",0.975962,"左足D",0.02403802,"",0,"",0,0,0,0,0,0,0,0,0,0
Vertex,12605,1.065234,10.75046,-1.698041,0.3690761,0.136473,-0.9193247,1,0.5537528,0.6042422,0,0,0,0,0,0,0,0,0,0,0,0,0,0,0,0,1,"下半身",0.5396116,"左足D",0.4603884,"",0,"",0,0,0,0,0,0,0,0,0,0
Vertex,12607,1.121903,10.35064,-1.737635,0.3887889,0.145312,-0.9097954,1,0.5537528,0.6224543,0,0,0,0,0,0,0,0,0,0,0,0,0,0,0,0,1,"左足D",0.6459924,"下半身",0.3540076,"",0,"",0,0,0,0,0,0,0,0,0,0
Vertex,12608,0.8765699,11.91927,1.152183,0.4236225,0.3096308,0.8512772,1,0.7494269,0.5616863,0,0,0,0,0,0,0,0,0,0,0,0,0,0,0,0,1,"下半身",0.9431861,"左足D",0.0568139,"",0,"",0,0,0,0,0,0,0,0,0,0
Vertex,12609,1.555276,9.940633,-1.60197,0.4920036,0.1606192,-0.8556483,1,0.5724329,0.6416167,0,0,0,0,0,0,0,0,0,0,0,0,0,0,0,0,1,"左足D",0.7846618,"下半身",0.2153382,"",0,"",0,0,0,0,0,0,0,0,0,0
Vertex,12610,0.6813567,11.04913,1.524341,0.2864503,0.2829602,0.9153577,1,0.7683282,0.6042422,0,0,0,0,0,0,0,0,0,0,0,0,0,0,0,0,1,"下半身",0.8257149,"左足D",0.1742851,"",0,"",0,0,0,0,0,0,0,0,0,0
Vertex,12611,0.3673363,10.64881,1.719456,0.1590323,0.2769335,0.9476374,1,0.7861173,0.6224543,0,0,0,0,0,0,0,0,0,0,0,0,0,0,0,0,2,"下半身",0.7227973,"左足D",0.2041465,"右足D",0.0730562,"全ての親",0,0,0,0,0,0,0,0,0,0
Vertex,12612,1.346604,11.16698,-1.500462,0.4909664,0.1501039,-0.8581496,1,0.5724329,0.5855598,0,0,0,0,0,0,0,0,0,0,0,0,0,0,0,0,1,"下半身",0.7844655,"左足D",0.2155345,"",0,"",0,0,0,0,0,0,0,0,0,0
Vertex,12614,1.425854,10.77412,-1.526658,0.5045174,0.1533002,-0.849683,1,0.5724329,0.6042422,0,0,0,0,0,0,0,0,0,0,0,0,0,0,0,0,1,"左足D",0.5889456,"下半身",0.4110544,"",0,"",0,0,0,0,0,0,0,0,0,0
Vertex,12615,1.119838,12.306,0.8679774,0.5426663,0.3507525,0.7632077,1,0.7290801,0.5367755,0,0,0,0,0,0,0,0,0,0,0,0,0,0,0,0,2,"下半身",0.8620403,"上半身2",0.03273072,"左足D",0.0303133,"上半身",0.07491563,0,0,0,0,0,0,0,0,0
Vertex,12617,1.626971,9.503699,-1.642629,0.5037267,0.1591373,-0.8490788,1,0.5724329,0.6602798,0,0,0,0,0,0,0,0,0,0,0,0,0,0,0,0,1,"左足D",0.8727286,"下半身",0.1272714,"",0,"",0,0,0,0,0,0,0,0,0,0
Vertex,12619,1.269428,11.67242,-1.45138,0.5401458,0.1329379,-0.8310054,1,0.5724329,0.5616863,0,0,0,0,0,0,0,0,0,0,0,0,0,0,0,0,1,"下半身",0.9633086,"左足D",0.03669137,"",0,"",0,0,0,0,0,0,0,0,0,0
Vertex,12620,0.9606315,11.43894,1.291938,0.4324576,0.3034436,0.8490597,1,0.7494269,0.5855598,0,0,0,0,0,0,0,0,0,0,0,0,0,0,0,0,1,"下半身",0.8428805,"左足D",0.1571195,"",0,"",0,0,0,0,0,0,0,0,0,0
Vertex,12622,1.204534,12.11354,-1.444042,0.5182431,0.1421703,-0.8433337,1,0.5724329,0.5367755,0,0,0,0,0,0,0,0,0,0,0,0,0,0,0,0,2,"下半身",0.9868508,"上半身2",0.009230351,"左足D",0.003918839,"全ての親",0,0,0,0,0,0,0,0,0,0
Vertex,12623,0.7236113,10.64659,1.631184,0.2932261,0.2739153,0.9159634,1,0.7683282,0.6224543,0,0,0,0,0,0,0,0,0,0,0,0,0,0,0,0,2,"下半身",0.6986023,"左足D",0.2700633,"右足D",0.03133438,"全ての親",0,0,0,0,0,0,0,0,0,0
Vertex,12624,1.458518,12.13181,-1.24327,0.6783382,0.1672193,-0.7154684,1,0.5909389,0.5367755,0,0,0,0,0,0,0,0,0,0,0,0,0,0,0,0,2,"下半身",0.986124,"左足D",0.01005259,"上半身2",0.00382339,"全ての親",0,0,0,0,0,0,0,0,0,0
Vertex,12625,0.3868544,10.21305,1.838204,0.1596361,0.268404,0.9499872,1,0.7861173,0.6416167,0,0,0,0,0,0,0,0,0,0,0,0,0,0,0,0,2,"下半身",0.5895997,"左足D",0.3078203,"右足D",0.1025799,"全ての親",0,0,0,0,0,0,0,0,0,0
Vertex,12626,1.534856,11.69698,-1.253416,0.672529,0.1690994,-0.720493,1,0.5909389,0.5616863,0,0,0,0,0,0,0,0,0,0,0,0,0,0,0,0,1,"下半身",0.960592,"左足D",0.03940803,"",0,"",0,0,0,0,0,0,0,0,0,0
Vertex,12627,1.770517,11.73044,-0.9828925,0.8256305,0.2119288,-0.5228962,1,0.6099016,0.5616863,0,0,0,0,0,0,0,0,0,0,0,0,0,0,0,0,1,"下半身",0.9264065,"左足D",0.0735935,"",0,"",0,0,0,0,0,0,0,0,0,0
Vertex,12628,1.640622,11.19756,-1.279825,0.6475132,0.1737259,-0.7419878,1,0.5909389,0.5855598,0,0,0,0,0,0,0,0,0,0,0,0,0,0,0,0,1,"下半身",0.6607556,"左足D",0.3392444,"",0,"",0,0,0,0,0,0,0,0,0,0
Vertex,12629,1.192849,11.9059,0.9652643,0.563164,0.3048816,0.7680452,1,0.7290801,0.5616863,0,0,0,0,0,0,0,0,0,0,0,0,0,0,0,0,1,"下半身",0.9165275,"左足D",0.08347255,"",0,"",0,0,0,0,0,0,0,0,0,0
Vertex,12631,1.028968,11.04067,1.390214,0.4347044,0.2836824,0.8547259,1,0.7494269,0.6042422,0,0,0,0,0,0,0,0,0,0,0,0,0,0,0,0,1,"下半身",0.7993299,"左足D",0.2006701,"",0,"",0,0,0,0,0,0,0,0,0,0
Vertex,12632,1.910587,11.23534,-0.9915648,0.8109632,0.2194187,-0.5423967,1,0.6099016,0.5855598,0,0,0,0,0,0,0,0,0,0,0,0,0,0,0,0,1,"下半身",0.6152036,"左足D",0.3847964,"",0,"",0,0,0,0,0,0,0,0,0,0
Vertex,12633,0.766973,10.21014,1.743292,0.2911181,0.2736198,0.9167238,1,0.7683282,0.6416167,0,0,0,0,0,0,0,0,0,0,0,0,0,0,0,0,2,"下半身",0.5234497,"左足D",0.4243787,"右足D",0.05217168,"全ての親",0,0,0,0,0,0,0,0,0,0
Vertex,12634,0.4087248,9.769645,1.954522,0.1520418,0.2698865,0.9508126,1,0.7861173,0.6602798,0,0,0,0,0,0,0,0,0,0,0,0,0,0,0,0,2,"下半身",0.3643942,"左足D",0.4985619,"右足D",0.1370439,"全ての親",0,0,0,0,0,0,0,0,0,0
Vertex,12635,2.064272,11.28081,-0.6185051,0.9343699,0.2573431,-0.2464293,1,0.6298926,0.5855598,0,0,0,0,0,0,0,0,0,0,0,0,0,0,0,0,1,"下半身",0.5781566,"左足D",0.4218434,"",0,"",0,0,0,0,0,0,0,0,0,0
Vertex,12636,2.170841,10.88543,-0.6116211,0.9343474,0.2562096,-0.2476926,1,0.6298926,0.6042422,0,0,0,0,0,0,0,0,0,0,0,0,0,0,0,0,1,"左足D",0.5708333,"下半身",0.4291667,"",0,"",0,0,0,0,0,0,0,0,0,0
Vertex,12637,2.012431,10.84314,-0.9930698,0.8109352,0.2105265,-0.5459511,1,0.6099016,0.6042422,0,0,0,0,0,0,0,0,0,0,0,0,0,0,0,0,1,"左足D",0.6647305,"下半身",0.3352695,"",0,"",0,0,0,0,0,0,0,0,0,0
Vertex,12638,1.352929,12.29141,0.6650911,0.6851672,0.3165932,0.6559838,1,0.7092084,0.5367755,0,0,0,0,0,0,0,0,0,0,0,0,0,0,0,0,2,"下半身",0.8613777,"左足D",0.04100608,"上半身2",0.03316424,"上半身",0.06445199,0,0,0,0,0,0,0,0,0
Vertex,12639,2.279555,10.48802,-0.6072076,0.9304579,0.255601,-0.262519,1,0.6298926,0.6224543,0,0,0,0,0,0,0,0,0,0,0,0,0,0,0,0,1,"左足D",0.7010102,"下半身",0.2989898,"",0,"",0,0,0,0,0,0,0,0,0,0
Vertex,12643,1.730876,10.80509,-1.293456,0.6523062,0.1749252,-0.7374943,1,0.5909389,0.6042422,0,0,0,0,0,0,0,0,0,0,0,0,0,0,0,0,1,"左足D",0.6483873,"下半身",0.3516127,"",0,"",0,0,0,0,0,0,0,0,0,0
Vertex,12644,1.296991,11.42384,1.084236,0.5681467,0.3046098,0.7644751,1,0.7290801,0.5855598,0,0,0,0,0,0,0,0,0,0,0,0,0,0,0,0,1,"下半身",0.7907775,"左足D",0.2092225,"",0,"",0,0,0,0,0,0,0,0,0,0
Vertex,12646,1.091419,10.64141,1.486283,0.4316093,0.2789744,0.8578384,1,0.7494269,0.6224543,0,0,0,0,0,0,0,0,0,0,0,0,0,0,0,0,2,"下半身",0.7219821,"左足D",0.2766079,"上半身2",0.001410001,"全ての親",0,0,0,0,0,0,0,0,0,0
Vertex,12647,2.106065,10.44504,-1.002114,0.806783,0.2091044,-0.5526089,1,0.6099016,0.6224543,0,0,0,0,0,0,0,0,0,0,0,0,0,0,0,0,1,"左足D",0.7843174,"下半身",0.2156826,"",0,"",0,0,0,0,0,0,0,0,0,0
Vertex,12650,0.8137671,9.769838,1.857143,0.2844262,0.2792447,0.9171282,1,0.7683282,0.6602798,0,0,0,0,0,0,0,0,0,0,0,0,0,0,0,0,2,"左足D",0.6014036,"下半身",0.3306828,"右足D",0.06791364,"全ての親",0,0,0,0,0,0,0,0,0,0
Vertex,12651,0.4324985,9.324792,2.075108,0.1414893,0.2659669,0.9535421,1,0.7861173,0.6784872,0,0,0,0,0,0,0,0,0,0,0,0,0,0,0,0,2,"左足D",0.6333844,"下半身",0.1957332,"右足D",0.1708823,"全ての親",0,0,0,0,0,0,0,0,0,0
Vertex,12652,2.397356,10.05517,-0.6073418,0.9257069,0.2524449,-0.2816705,1,0.6298926,0.6416167,0,0,0,0,0,0,0,0,0,0,0,0,0,0,0,0,1,"左足D",0.8017451,"下半身",0.1982549,"",0,"",0,0,0,0,0,0,0,0,0,0
Vertex,12654,1.812791,10.40665,-1.316157,0.6519232,0.178388,-0.7370032,1,0.5909389,0.6224543,0,0,0,0,0,0,0,0,0,0,0,0,0,0,0,0,1,"左足D",0.7719441,"下半身",0.2280559,"",0,"",0,0,0,0,0,0,0,0,0,0
Vertex,12656,2.203402,10.01047,-1.020282,0.8001372,0.2096554,-0.5619832,1,0.6099016,0.6416167,0,0,0,0,0,0,0,0,0,0,0,0,0,0,0,0,1,"左足D",0.8530262,"下半身",0.1469738,"",0,"",0,0,0,0,0,0,0,0,0,0
Vertex,12657,1.445327,11.89026,0.7458535,0.6945065,0.3118708,0.6483805,1,0.7092084,0.5616863,0,0,0,0,0,0,0,0,0,0,0,0,0,0,0,0,1,"下半身",0.8873979,"左足D",0.1126021,"",0,"",0,0,0,0,0,0,0,0,0,0
Vertex,12659,2.514909,9.619874,-0.6053568,0.9222565,0.2485667,-0.29607,1,0.6298926,0.6602798,0,0,0,0,0,0,0,0,0,0,0,0,0,0,0,0,1,"左足D",0.8848449,"下半身",0.1151551,"",0,"",0,0,0,0,0,0,0,0,0,0
Vertex,12660,1.38047,11.02637,1.175705,0.5660798,0.289628,0.7717961,1,0.7290801,0.6042422,0,0,0,0,0,0,0,0,0,0,0,0,0,0,0,0,2,"下半身",0.7503716,"左足D",0.2460426,"上半身2",0.00358573,"全ての親",0,0,0,0,0,0,0,0,0,0
Vertex,12661,1.491243,10.37519,-1.558718,0.5208678,0.1587903,-0.8387386,1,0.5724329,0.6224543,0,0,0,0,0,0,0,0,0,0,0,0,0,0,0,0,1,"左足D",0.7439323,"下半身",0.2560677,"",0,"",0,0,0,0,0,0,0,0,0,0
Vertex,12663,1.159714,10.20566,1.589029,0.4257644,0.2827141,0.8595333,1,0.7494269,0.6416167,0,0,0,0,0,0,0,0,0,0,0,0,0,0,0,0,2,"下半身",0.4749138,"左足D",0.5182274,"右足D",0.006858798,"全ての親",0,0,0,0,0,0,0,0,0,0
Vertex,12665,1.897843,9.971888,-1.348142,0.6475676,0.1810417,-0.7401893,1,0.5909389,0.6416167,0,0,0,0,0,0,0,0,0,0,0,0,0,0,0,0,1,"左足D",0.8484141,"下半身",0.1515859,"",0,"",0,0,0,0,0,0,0,0,0,0
Vertex,12666,0.8634511,9.328331,1.974625,0.2759489,0.2812421,0.9191056,1,0.7683282,0.6784872,0,0,0,0,0,0,0,0,0,0,0,0,0,0,0,0,2,"左足D",0.72546,"下半身",0.1921684,"右足D",0.08237169,"全ての親",0,0,0,0,0,0,0,0,0,0
Vertex,12668,0.4579756,8.872949,2.190871,0.1275393,0.2781719,0.9520263,1,0.7861173,0.6962823,0,0,0,0,0,0,0,0,0,0,0,0,0,0,0,0,1,"左足D",0.7284759,"右足D",0.2715241,"",0,"",0,0,0,0,0,0,0,0,0,0
Vertex,12670,2.302267,9.574594,-1.039651,0.7961244,0.205731,-0.5690876,1,0.6099016,0.6602798,0,0,0,0,0,0,0,0,0,0,0,0,0,0,0,0,1,"左足D",0.8917817,"下半身",0.1082183,"",0,"",0,0,0,0,0,0,0,0,0,0
Vertex,12671,1.578869,11.40703,0.8460038,0.6961508,0.3071878,0.6488526,1,0.7092084,0.5855598,0,0,0,0,0,0,0,0,0,0,0,0,0,0,0,0,1,"下半身",0.7316245,"左足D",0.2683755,"",0,"",0,0,0,0,0,0,0,0,0,0
Vertex,12672,2.632033,9.183607,-0.5997759,0.9186881,0.2444545,-0.3102487,1,0.6298926,0.6784872,0,0,0,0,0,0,0,0,0,0,0,0,0,0,0,0,1,"左足D",0.9263621,"下半身",0.0736379,"",0,"",0,0,0,0,0,0,0,0,0,0
Vertex,12674,2.400927,9.137868,-1.052217,0.7934345,0.1983938,-0.5754143,1,0.6099016,0.6784872,0,0,0,0,0,0,0,0,0,0,0,0,0,0,0,0,1,"左足D",0.929225,"下半身",0.07077497,"",0,"",0,0,0,0,0,0,0,0,0,0
Vertex,12675,1.45823,10.62791,1.26356,0.5625642,0.2873517,0.77521,1,0.7290801,0.6224543,0,0,0,0,0,0,0,0,0,0,0,0,0,0,0,0,2,"下半身",0.6324344,"左足D",0.3661774,"上半身2",0.001388167,"全ての親",0,0,0,0,0,0,0,0,0,0
Vertex,12676,1.981845,9.535995,-1.380991,0.646325,0.1782829,-0.7419428,1,0.5909389,0.6602798,0,0,0,0,0,0,0,0,0,0,0,0,0,0,0,0,1,"左足D",0.8866764,"下半身",0.1133236,"",0,"",0,0,0,0,0,0,0,0,0,0
Vertex,12678,1.231273,9.765804,1.693424,0.4200046,0.2875748,0.8607537,1,0.7494269,0.6602798,0,0,0,0,0,0,0,0,0,0,0,0,0,0,0,0,1,"左足D",0.7571048,"下半身",0.2428952,"",0,"",0,0,0,0,0,0,0,0,0,0
Vertex,12679,0.915403,8.886168,2.093745,0.2648133,0.2877016,0.9203813,1,0.7683282,0.6962823,0,0,0,0,0,0,0,0,0,0,0,0,0,0,0,0,2,"左足D",0.8210796,"右足D",0.09069076,"下半身",0.08822966,"全ての親",0,0,0,0,0,0,0,0,0,0
Vertex,12680,2.068348,9.099059,-1.409141,0.6384968,0.1697092,-0.7506801,1,0.5919819,0.6784872,0,0,0,0,0,0,0,0,0,0,0,0,0,0,0,0,1,"左足D",0.9234777,"下半身",0.07652229,"",0,"",0,0,0,0,0,0,0,0,0,0
Vertex,12682,2.500828,8.700727,-1.057316,0.7923302,0.1994246,-0.5765784,1,0.6099016,0.6962823,0,0,0,0,0,0,0,0,0,0,0,0,0,0,0,0,1,"左足D",0.9562271,"下半身",0.04377294,"",0,"",0,0,0,0,0,0,0,0,0,0
Vertex,12683,1.698319,9.06631,-1.680193,0.4917554,0.1533583,-0.8571219,1,0.5724329,0.6784872,0,0,0,0,0,0,0,0,0,0,0,0,0,0,0,0,1,"左足D",0.9164469,"下半身",0.08355314,"",0,"",0,0,0,0,0,0,0,0,0,0
Vertex,12687,1.54458,10.19439,1.357545,0.5601413,0.2917018,0.7753398,1,0.7290801,0.6416167,0,0,0,0,0,0,0,0,0,0,0,0,0,0,0,0,1,"左足D",0.5790893,"下半身",0.4209107,"",0,"",0,0,0,0,0,0,0,0,0,0
Vertex,12688,1.772892,8.628182,-1.7135,0.5102192,0.1567966,-0.8456307,1,0.5724329,0.6962823,0,0,0,0,0,0,0,0,0,0,0,0,0,0,0,0,1,"左足D",0.9495454,"下半身",0.05045462,"",0,"",0,0,0,0,0,0,0,0,0,0
Vertex,12689,1.303078,9.327753,1.803465,0.4174907,0.291892,0.8605235,1,0.7494269,0.6784872,0,0,0,0,0,0,0,0,0,0,0,0,0,0,0,0,1,"左足D",0.8459723,"下半身",0.1540277,"",0,"",0,0,0,0,0,0,0,0,0,0
Vertex,12693,2.157733,8.661615,-1.429054,0.6497746,0.1732223,-0.7401263,1,0.5909389,0.6962823,0,0,0,0,0,0,0,0,0,0,0,0,0,0,0,0,1,"左足D",0.9530632,"下半身",0.04693681,"",0,"",0,0,0,0,0,0,0,0,0,0
Vertex,12695,2.621544,8.203762,-1.0674,0.787567,0.2106525,-0.579106,1,0.6099016,0.7160512,0,0,0,0,0,0,0,0,0,0,0,0,0,0,0,0,1,"左足D",0.974251,"下半身",0.02574903,"",0,"",0,0,0,0,0,0,0,0,0,0
Vertex,12696,1.864279,8.12718,-1.751524,0.5179073,0.1702447,-0.838325,1,0.5724329,0.7160512,0,0,0,0,0,0,0,0,0,0,0,0,0,0,0,0,1,"左足D",0.9728147,"下半身",0.02718526,"",0,"",0,0,0,0,0,0,0,0,0,0
Vertex,12698,1.770903,10.61151,0.9981512,0.6958519,0.2948066,0.6548886,1,0.7092084,0.6224543,0,0,0,0,0,0,0,0,0,0,0,0,0,0,0,0,1,"下半身",0.5622275,"左足D",0.4377725,"",0,"",0,0,0,0,0,0,0,0,0,0
Vertex,12699,1.636268,9.75656,1.452062,0.5594431,0.2947848,0.7746776,1,0.7290801,0.6602798,0,0,0,0,0,0,0,0,0,0,0,0,0,0,0,0,1,"左足D",0.7915616,"下半身",0.2084384,"",0,"",0,0,0,0,0,0,0,0,0,0
Vertex,12700,2.264826,8.162542,-1.450715,0.649157,0.1853606,-0.737724,1,0.5909389,0.7160512,0,0,0,0,0,0,0,0,0,0,0,0,0,0,0,0,1,"左足D",0.973858,"下半身",0.026142,"",0,"",0,0,0,0,0,0,0,0,0,0
Vertex,12701,2.747665,7.706074,-1.083068,0.7736942,0.2144789,-0.5961511,1,0.6099016,0.7354382,0,0,0,0,0,0,0,0,0,0,0,0,0,0,0,0,2,"左足D",0.9823595,"下半身",0.01279502,"左ひざD",0.004845424,"全ての親",0,0,0,0,0,0,0,0,0,0
Vertex,12703,1.958937,7.625864,-1.801098,0.5250283,0.1814006,-0.8315282,1,0.5724329,0.7354382,0,0,0,0,0,0,0,0,0,0,0,0,0,0,0,0,2,"左足D",0.9811121,"下半身",0.01310008,"左ひざD",0.005787779,"全ての親",0,0,0,0,0,0,0,0,0,0
Vertex,12704,1.873828,10.17897,1.07732,0.6950806,0.2986429,0.6539689,1,0.7092084,0.6416167,0,0,0,0,0,0,0,0,0,0,0,0,0,0,0,0,1,"左足D",0.6248155,"下半身",0.3751845,"",0,"",0,0,0,0,0,0,0,0,0,0
Vertex,12705,2.37658,7.662969,-1.47875,0.6392605,0.1896554,-0.7452361,1,0.5909389,0.7354382,0,0,0,0,0,0,0,0,0,0,0,0,0,0,0,0,2,"左足D",0.9814469,"下半身",0.01370859,"左ひざD",0.004844484,"全ての親",0,0,0,0,0,0,0,0,0,0
Vertex,12706,1.727047,9.319338,1.550081,0.5615252,0.2969326,0.7723474,1,0.7290801,0.6784872,0,0,0,0,0,0,0,0,0,0,0,0,0,0,0,0,1,"左足D",0.8739901,"下半身",0.1260099,"",0,"",0,0,0,0,0,0,0,0,0,0
Vertex,12708,2.48581,7.160007,-1.512737,0.6523714,0.1977493,-0.7316466,1,0.5909389,0.7545938,0,0,0,0,0,0,0,0,0,0,0,0,0,0,0,0,2,"左足D",0.9803439,"左ひざD",0.01436789,"下半身",0.005288251,"全ての親",0,0,0,0,0,0,0,0,0,0
Vertex,12709,2.055039,7.122838,-1.850135,0.5317585,0.1890498,-0.8255259,1,0.5724329,0.7545938,0,0,0,0,0,0,0,0,0,0,0,0,0,0,0,0,2,"左足D",0.9798469,"左ひざD",0.01472423,"下半身",0.005428849,"全ての親",0,0,0,0,0,0,0,0,0,0
Vertex,12710,1.981368,9.742797,1.156135,0.6969827,0.2979409,0.6522624,1,0.7092084,0.6602798,0,0,0,0,0,0,0,0,0,0,0,0,0,0,0,0,1,"左足D",0.8004578,"下半身",0.1995422,"",0,"",0,0,0,0,0,0,0,0,0,0
Vertex,12712,2.151623,6.61938,-1.906978,0.5363131,0.1982313,-0.82041,1,0.5724329,0.773494,0,0,0,0,0,0,0,0,0,0,0,0,0,0,0,0,2,"左足D",0.9517993,"左ひざD",0.04607981,"下半身",0.002120869,"全ての親",0,0,0,0,0,0,0,0,0,0
Vertex,12713,1.67085,6.586685,-2.176799,0.4002551,0.193141,-0.8958194,1,0.5537528,0.773494,0,0,0,0,0,0,0,0,0,0,0,0,0,0,0,0,2,"左足D",0.9497867,"左ひざD",0.04778548,"下半身",0.00242778,"全ての親",0,0,0,0,0,0,0,0,0,0
Vertex,12714,1.752057,6.040983,-2.260678,0.4031546,0.2044934,-0.8919915,1,0.5537528,0.7936038,0,0,0,0,0,0,0,0,0,0,0,0,0,0,0,0,1,"左足D",0.808176,"左ひざD",0.191824,"",0,"",0,0,0,0,0,0,0,0,0,0
Vertex,12717,1.208678,6.013966,-2.469309,0.2611291,0.1978797,-0.9448043,1,0.5358003,0.7936038,0,0,0,0,0,0,0,0,0,0,0,0,0,0,0,0,2,"左足D",0.7436219,"左ひざD",0.1963781,"右足D",0.06,"全ての親",0,0,0,0,0,0,0,0,0,0
Vertex,12719,1.253551,5.470762,-2.575616,0.2494026,0.2063887,-0.9461512,1,0.5358003,0.8136519,0,0,0,0,0,0,0,0,0,0,0,0,0,0,0,0,2,"左ひざD",0.4581804,"左足D",0.4818196,"右足D",0.06,"全ての親",0,0,0,0,0,0,0,0,0,0
Vertex,12720,0.6220509,5.992973,-2.60288,0.1390551,0.2017458,-0.9695165,1,0.5184557,0.7936038,0,0,0,0,0,0,0,0,0,0,0,0,0,0,0,0,2,"左足D",0.581542,"右足D",0.2203409,"左ひざD",0.1716264,"右ひざD",0.02649067,0,0,0,0,0,0,0,0,0
Vertex,12721,0.6472993,5.452811,-2.712468,0.1037949,0.2030126,-0.9736593,1,0.5184557,0.8136519,0,0,0,0,0,0,0,0,0,0,0,0,0,0,0,0,2,"左足D",0.3999091,"左ひざD",0.361995,"右足D",0.1521174,"右ひざD",0.08597859,0,0,0,0,0,0,0,0,0
Vertex,12722,-0.003479504,5.445609,-2.759187,-3.702638E-07,0.2023792,-0.9793072,1,0.4999426,0.8136519,0,0,0,0,0,0,0,0,0,0,0,0,0,0,0,0,2,"左足D",0.27,"右足D",0.27,"左ひざD",0.23,"右ひざD",0.23,0,0,0,0,0,0,0,0,0
Vertex,12724,2.447066,7.878811,1.506746,0.7150403,0.30255,0.6302229,1,0.7092084,0.7354382,0,0,0,0,0,0,0,0,0,0,0,0,0,0,0,0,2,"左足D",0.9780249,"下半身",0.02058396,"左ひざD",0.001391113,"全ての親",0,0,0,0,0,0,0,0,0,0
Vertex,12725,2.318134,8.374148,1.411668,0.7099892,0.3038904,0.6352684,1,0.7092084,0.7160512,0,0,0,0,0,0,0,0,0,0,0,0,0,0,0,0,1,"左足D",0.9541658,"下半身",0.04583424,"",0,"",0,0,0,0,0,0,0,0,0,0
Vertex,12726,2.036379,7.891239,1.877037,0.5694855,0.3009954,0.7649105,1,0.7290801,0.7354382,0,0,0,0,0,0,0,0,0,0,0,0,0,0,0,0,2,"左足D",0.9769118,"下半身",0.02203535,"左ひざD",0.001052867,"全ての親",0,0,0,0,0,0,0,0,0,0
Vertex,12727,2.149814,7.392842,1.987052,0.5710399,0.3023719,0.7632068,1,0.7290801,0.7545938,0,0,0,0,0,0,0,0,0,0,0,0,0,0,0,0,2,"左足D",0.9827011,"左ひざD",0.009698083,"下半身",0.007600781,"全ての親",0,0,0,0,0,0,0,0,0,0
Vertex,12736,2.576168,7.379296,1.598216,0.7210804,0.3038633,0.6226638,1,0.7092084,0.7545938,0,0,0,0,0,0,0,0,0,0,0,0,0,0,0,0,2,"左足D",0.983023,"左ひざD",0.0106062,"下半身",0.006370761,"全ての親",0,0,0,0,0,0,0,0,0,0
Vertex,12737,2.265557,6.894794,2.0996,0.5725124,0.3142314,0.7572901,1,0.7290801,0.773494,0,0,0,0,0,0,0,0,0,0,0,0,0,0,0,0,2,"左足D",0.9729624,"左ひざD",0.02437611,"下半身",0.002661481,"全ての親",0,0,0,0,0,0,0,0,0,0
Vertex,12745,2.708926,6.878932,1.690746,0.7267908,0.3104653,0.6126878,1,0.7092084,0.773494,0,0,0,0,0,0,0,0,0,0,0,0,0,0,0,0,1,"左足D",0.9586534,"左ひざD",0.04134661,"",0,"",0,0,0,0,0,0,0,0,0,0
Vertex,12800,1.581692,12.27226,0.4095313,0.8087333,0.3149372,0.4967543,1,0.6892543,0.5367755,0,0,0,0,0,0,0,0,0,0,0,0,0,0,0,0,2,"下半身",0.8773345,"左足D",0.04429524,"上半身2",0.02469463,"上半身",0.0536756,0,0,0,0,0,0,0,0,0
Vertex,12802,3.212114,6.303376,1.259614,0.8475223,0.3034526,0.4354567,1,0.6892543,0.7936038,0,0,0,0,0,0,0,0,0,0,0,0,0,0,0,0,1,"左足D",0.6850567,"左ひざD",0.3149433,"",0,"",0,0,0,0,0,0,0,0,0,0
Vertex,12803,3.05428,6.856044,1.192177,0.8408686,0.2963936,0.4528696,1,0.6892543,0.773494,0,0,0,0,0,0,0,0,0,0,0,0,0,0,0,0,2,"左足D",0.9284793,"左ひざD",0.06945904,"下半身",0.002061689,"全ての親",0,0,0,0,0,0,0,0,0,0
Vertex,12804,1.731966,12.25145,0.08376213,0.8945496,0.3233849,0.3085502,1,0.669376,0.5367755,0,0,0,0,0,0,0,0,0,0,0,0,0,0,0,0,2,"下半身",0.8960949,"左足D",0.04341383,"上半身2",0.01907483,"上半身",0.0414164,0,0,0,0,0,0,0,0,0
Vertex,12805,1.838536,11.84272,0.1156545,0.911605,0.2821973,0.2988996,1,0.669376,0.5616863,0,0,0,0,0,0,0,0,0,0,0,0,0,0,0,0,1,"下半身",0.8453604,"左足D",0.1546396,"",0,"",0,0,0,0,0,0,0,0,0,0
Vertex,12807,3.626597,5.716408,0.6915331,0.9271885,0.284758,0.2433812,1,0.669376,0.8136519,0,0,0,0,0,0,0,0,0,0,0,0,0,0,0,0,1,"左ひざD",0.6385484,"左足D",0.3614516,"",0,"",0,0,0,0,0,0,0,0,0,0
Vertex,12808,3.464848,6.274578,0.6570225,0.9290017,0.2862491,0.2345577,1,0.669376,0.7936038,0,0,0,0,0,0,0,0,0,0,0,0,0,0,0,0,1,"左足D",0.6950096,"左ひざD",0.3049904,"",0,"",0,0,0,0,0,0,0,0,0,0
Vertex,12809,2.914873,7.359508,1.122829,0.8346729,0.2949914,0.465082,1,0.6892543,0.7545938,0,0,0,0,0,0,0,0,0,0,0,0,0,0,0,0,2,"左足D",0.9829398,"左ひざD",0.01126625,"下半身",0.005793951,"全ての親",0,0,0,0,0,0,0,0,0,0
Vertex,12811,3.701836,5.680244,0.02483744,0.9622858,0.2708049,-0.02589899,1,0.649847,0.8136519,0,0,0,0,0,0,0,0,0,0,0,0,0,0,0,0,2,"左ひざD",0.3494408,"左足D",0.3976096,"装飾_07-01_J_Sec_L_CoatSkirtSide1",0.2529497,"全ての親",0,0,0,0,0,0,0,0,0,0
Vertex,12812,3.797819,5.081516,0.7246244,0.9395821,0.2710359,0.2091053,1,0.669376,0.8367636,0,0,0,0,0,0,0,0,0,0,0,0,0,0,0,0,2,"左ひざD",0.7130494,"装飾_07-01_J_Sec_L_CoatSkirtSide1",0.2067549,"左足D",0.08019572,"全ての親",0,0,0,0,0,0,0,0,0,0
Vertex,12814,3.875307,5.040137,0.01989425,0.9643524,0.2586246,-0.05601494,1,0.649847,0.8367636,0,0,0,0,0,0,0,0,0,0,0,0,0,0,0,0,1,"左ひざD",0.5,"装飾_07-01_J_Sec_L_CoatSkirtSide1",0.5,"",0,"",0,0,0,0,0,0,0,0,0,0
Vertex,12815,1.826582,12.22772,-0.2576627,0.9459727,0.3066022,0.1055023,1,0.649847,0.5367755,0,0,0,0,0,0,0,0,0,0,0,0,0,0,0,0,2,"下半身",0.9244547,"左足D",0.0383429,"上半身2",0.00951504,"上半身",0.02768729,0,0,0,0,0,0,0,0,0
Vertex,12816,3.309477,6.829734,0.6177944,0.9260352,0.2844074,0.2481356,1,0.669376,0.773494,0,0,0,0,0,0,0,0,0,0,0,0,0,0,0,0,2,"左足D",0.9211454,"左ひざD",0.07657304,"下半身",0.002281562,"全ての親",0,0,0,0,0,0,0,0,0,0
Vertex,12818,1.934958,11.81425,-0.2431492,0.9613363,0.268546,0.06095492,1,0.649847,0.5616863,0,0,0,0,0,0,0,0,0,0,0,0,0,0,0,0,1,"下半身",0.8539859,"左足D",0.1460141,"",0,"",0,0,0,0,0,0,0,0,0,0
Vertex,12819,2.08729,11.32761,-0.2055462,0.9529447,0.2902108,0.08760194,1,0.649847,0.5855598,0,0,0,0,0,0,0,0,0,0,0,0,0,0,0,0,1,"下半身",0.5632244,"左足D",0.4367756,"",0,"",0,0,0,0,0,0,0,0,0,0
Vertex,12821,2.780102,7.860376,1.053408,0.8296377,0.2971802,0.4726365,1,0.6892543,0.7354382,0,0,0,0,0,0,0,0,0,0,0,0,0,0,0,0,2,"左足D",0.9807217,"下半身",0.01730054,"左ひざD",0.001977819,"全ての親",0,0,0,0,0,0,0,0,0,0
Vertex,12822,1.921523,11.77194,-0.6295438,0.940689,0.2476059,-0.2319385,1,0.6298926,0.5616863,0,0,0,0,0,0,0,0,0,0,0,0,0,0,0,0,1,"下半身",0.8865713,"左足D",0.1134287,"",0,"",0,0,0,0,0,0,0,0,0,0
Vertex,12823,1.822876,12.19389,-0.6246077,0.9361289,0.2821859,-0.2098426,1,0.6298926,0.5367755,0,0,0,0,0,0,0,0,0,0,0,0,0,0,0,0,2,"下半身",0.9630472,"左足D",0.02963351,"上半身",0.007319266,"全ての親",0,0,0,0,0,0,0,0,0,0
Vertex,12824,3.54556,6.241622,0.02258988,0.9633752,0.2653474,-0.03871694,1,0.649847,0.7936038,0,0,0,0,0,0,0,0,0,0,0,0,0,0,0,0,1,"左足D",0.7599652,"左ひざD",0.2400348,"",0,"",0,0,0,0,0,0,0,0,0,0
Vertex,12826,3.162126,7.33366,0.5741363,0.9219992,0.287131,0.2597563,1,0.669376,0.7545938,0,0,0,0,0,0,0,0,0,0,0,0,0,0,0,0,2,"左足D",0.9833184,"左ひざD",0.01039395,"下半身",0.006287661,"全ての親",0,0,0,0,0,0,0,0,0,0
Vertex,12828,2.640831,8.354821,0.9824996,0.8241253,0.2958701,0.4829889,1,0.6892543,0.7160512,0,0,0,0,0,0,0,0,0,0,0,0,0,0,0,0,1,"左足D",0.962077,"下半身",0.03792298,"",0,"",0,0,0,0,0,0,0,0,0,0
Vertex,12829,2.195733,8.86889,1.318961,0.7057978,0.2973705,0.6429776,1,0.7092084,0.6962823,0,0,0,0,0,0,0,0,0,0,0,0,0,0,0,0,1,"左足D",0.9193561,"下半身",0.08064389,"",0,"",0,0,0,0,0,0,0,0,0,0
Vertex,12832,3.396432,6.797506,0.01083776,0.9627839,0.2685765,-0.03022799,1,0.649847,0.773494,0,0,0,0,0,0,0,0,0,0,0,0,0,0,0,0,2,"左足D",0.955979,"左ひざD",0.04135755,"下半身",0.002663474,"全ての親",0,0,0,0,0,0,0,0,0,0
Vertex,12834,3.020024,7.834095,0.5302945,0.9189141,0.2864916,0.2711447,1,0.669376,0.7354382,0,0,0,0,0,0,0,0,0,0,0,0,0,0,0,0,2,"左足D",0.9816449,"下半身",0.01553693,"左ひざD",0.002818222,"全ての親",0,0,0,0,0,0,0,0,0,0
Vertex,12835,1.679502,12.15907,-0.9713368,0.8318158,0.2383424,-0.5012738,1,0.6099016,0.5367755,0,0,0,0,0,0,0,0,0,0,0,0,0,0,0,0,2,"下半身",0.9789206,"左足D",0.01913224,"上半身2",0.001947153,"全ての親",0,0,0,0,0,0,0,0,0,0
Vertex,12836,2.507866,8.848771,0.9148682,0.8200752,0.2915232,0.4924336,1,0.6892543,0.6962823,0,0,0,0,0,0,0,0,0,0,0,0,0,0,0,0,1,"左足D",0.9343209,"下半身",0.06567913,"",0,"",0,0,0,0,0,0,0,0,0,0
Vertex,12837,2.08852,9.305947,1.23648,0.7004009,0.2976062,0.6487443,1,0.7092084,0.6784872,0,0,0,0,0,0,0,0,0,0,0,0,0,0,0,0,1,"左足D",0.8807119,"下半身",0.1192881,"",0,"",0,0,0,0,0,0,0,0,0,0
Vertex,12839,3.257185,7.299159,-0.01112691,0.963005,0.2682303,-0.02595843,1,0.649847,0.7545938,0,0,0,0,0,0,0,0,0,0,0,0,0,0,0,0,2,"左足D",0.9831024,"左ひざD",0.01069622,"下半身",0.006201387,"全ての親",0,0,0,0,0,0,0,0,0,0
Vertex,12840,2.880302,8.329417,0.4833524,0.9218943,0.2858284,0.2615589,1,0.669376,0.7160512,0,0,0,0,0,0,0,0,0,0,0,0,0,0,0,0,1,"左足D",0.9663767,"下半身",0.03362328,"",0,"",0,0,0,0,0,0,0,0,0,0
Vertex,12842,2.387209,9.285978,0.8546178,0.8153571,0.298301,0.4961947,1,0.6892543,0.6784872,0,0,0,0,0,0,0,0,0,0,0,0,0,0,0,0,1,"左足D",0.9024723,"下半身",0.09752774,"",0,"",0,0,0,0,0,0,0,0,0,0
Vertex,12843,2.614569,9.260893,0.3971438,0.9113258,0.3003525,0.2815561,1,0.669376,0.6784872,0,0,0,0,0,0,0,0,0,0,0,0,0,0,0,0,1,"左足D",0.9120961,"下半身",0.08790386,"",0,"",0,0,0,0,0,0,0,0,0,0
Vertex,12844,2.744926,8.824268,0.4392867,0.9058685,0.2913789,0.3074094,1,0.669376,0.6962823,0,0,0,0,0,0,0,0,0,0,0,0,0,0,0,0,1,"左足D",0.9406633,"下半身",0.05933666,"",0,"",0,0,0,0,0,0,0,0,0,0
Vertex,12845,2.830939,8.789381,-0.07403649,0.9598757,0.2800638,0.0142461,1,0.649847,0.6962823,0,0,0,0,0,0,0,0,0,0,0,0,0,0,0,0,1,"左足D",0.9490436,"下半身",0.05095637,"",0,"",0,0,0,0,0,0,0,0,0,0
Vertex,12846,2.266242,9.722751,0.7949868,0.8148478,0.3020731,0.4947474,1,0.6892543,0.6602798,0,0,0,0,0,0,0,0,0,0,0,0,0,0,0,0,1,"左足D",0.832426,"下半身",0.167574,"",0,"",0,0,0,0,0,0,0,0,0,0
Vertex,12847,2.1448,10.15839,0.7340901,0.8160241,0.3022256,0.4927113,1,0.6892543,0.6416167,0,0,0,0,0,0,0,0,0,0,0,0,0,0,0,0,1,"左足D",0.6931346,"下半身",0.3068654,"",0,"",0,0,0,0,0,0,0,0,0,0
Vertex,12849,3.120965,7.799417,-0.03281984,0.961549,0.2736895,-0.02275093,1,0.649847,0.7354382,0,0,0,0,0,0,0,0,0,0,0,0,0,0,0,0,2,"左足D",0.98206,"下半身",0.01453396,"左ひざD",0.003406039,"全ての親",0,0,0,0,0,0,0,0,0,0
Vertex,12850,2.48491,9.696846,0.3522353,0.9087038,0.302874,0.2872713,1,0.669376,0.6602798,0,0,0,0,0,0,0,0,0,0,0,0,0,0,0,0,1,"左足D",0.8521874,"下半身",0.1478126,"",0,"",0,0,0,0,0,0,0,0,0,0
Vertex,12852,2.027537,10.59076,0.6719852,0.8196386,0.3027056,0.4863763,1,0.6892543,0.6224543,0,0,0,0,0,0,0,0,0,0,0,0,0,0,0,0,1,"左足D",0.5270457,"下半身",0.4729543,"",0,"",0,0,0,0,0,0,0,0,0,0
Vertex,12853,1.676193,11.00928,0.9231511,0.6990848,0.2964745,0.6506792,1,0.7092084,0.6042422,0,0,0,0,0,0,0,0,0,0,0,0,0,0,0,0,2,"下半身",0.7006949,"左足D",0.2953125,"上半身2",0.003992646,"全ての親",0,0,0,0,0,0,0,0,0,0
Vertex,12855,2.974378,8.294727,-0.05381806,0.9598388,0.2760746,-0.04992294,1,0.649847,0.7160512,0,0,0,0,0,0,0,0,0,0,0,0,0,0,0,0,1,"左足D",0.9693161,"下半身",0.03068393,"",0,"",0,0,0,0,0,0,0,0,0,0
Vertex,12856,2.703648,9.226889,-0.09591766,0.9597149,0.2809748,0.0005608639,1,0.649847,0.6784872,0,0,0,0,0,0,0,0,0,0,0,0,0,0,0,0,1,"左足D",0.92158,"下半身",0.07842004,"",0,"",0,0,0,0,0,0,0,0,0,0
Vertex,12858,2.355766,10.13149,0.3051799,0.9065822,0.3030569,0.2937095,1,0.669376,0.6416167,0,0,0,0,0,0,0,0,0,0,0,0,0,0,0,0,1,"左足D",0.7344801,"下半身",0.2655199,"",0,"",0,0,0,0,0,0,0,0,0,0
Vertex,12859,2.578137,9.663702,-0.1196267,0.9590368,0.2829509,0.01367951,1,0.649847,0.6602798,0,0,0,0,0,0,0,0,0,0,0,0,0,0,0,0,1,"左足D",0.8724927,"下半身",0.1275073,"",0,"",0,0,0,0,0,0,0,0,0,0
Vertex,12861,2.227778,10.5631,0.2591331,0.9050105,0.307008,0.2944522,1,0.669376,0.6224543,0,0,0,0,0,0,0,0,0,0,0,0,0,0,0,0,1,"左足D",0.59184,"下半身",0.40816,"",0,"",0,0,0,0,0,0,0,0,0,0
Vertex,12862,1.915484,10.98824,0.6139148,0.8227041,0.3042289,0.4802111,1,0.6892543,0.6042422,0,0,0,0,0,0,0,0,0,0,0,0,0,0,0,0,2,"下半身",0.6319123,"左足D",0.3649494,"上半身2",0.003138345,"全ての親",0,0,0,0,0,0,0,0,0,0
Vertex,12864,1.805442,11.3867,0.557646,0.8190144,0.3076198,0.4843403,1,0.6892543,0.5855598,0,0,0,0,0,0,0,0,0,0,0,0,0,0,0,0,1,"下半身",0.6517474,"左足D",0.3482526,"",0,"",0,0,0,0,0,0,0,0,0,0
Vertex,12865,2.452404,10.09928,-0.1438181,0.9576265,0.2867947,0.02646441,1,0.649847,0.6416167,0,0,0,0,0,0,0,0,0,0,0,0,0,0,0,0,1,"左足D",0.7702892,"下半身",0.2297108,"",0,"",0,0,0,0,0,0,0,0,0,0
Vertex,12867,1.989275,11.35784,0.1733192,0.8940826,0.3061799,0.32691,1,0.669376,0.5855598,0,0,0,0,0,0,0,0,0,0,0,0,0,0,0,0,1,"下半身",0.5944729,"左足D",0.4055271,"",0,"",0,0,0,0,0,0,0,0,0,0
Vertex,12868,1.668155,11.87069,0.4740971,0.8203224,0.2950723,0.4899015,1,0.6892543,0.5616863,0,0,0,0,0,0,0,0,0,0,0,0,0,0,0,0,1,"下半身",0.8544266,"左足D",0.1455734,"",0,"",0,0,0,0,0,0,0,0,0,0
Vertex,12869,2.106272,10.95978,0.2140892,0.9090809,0.3009834,0.288064,1,0.669376,0.6042422,0,0,0,0,0,0,0,0,0,0,0,0,0,0,0,0,2,"下半身",0.5581879,"左足D",0.4405605,"上半身2",0.001251559,"全ての親",0,0,0,0,0,0,0,0,0,0
Vertex,12871,2.323771,10.53205,-0.165816,0.9552394,0.2931844,0.03950427,1,0.649847,0.6224543,0,0,0,0,0,0,0,0,0,0,0,0,0,0,0,0,1,"左足D",0.6471548,"下半身",0.3528452,"",0,"",0,0,0,0,0,0,0,0,0,0
Vertex,12872,2.201373,10.92932,-0.1880109,0.9587922,0.283103,0.02388134,1,0.649847,0.6042422,0,0,0,0,0,0,0,0,0,0,0,0,0,0,0,0,1,"下半身",0.5042512,"左足D",0.4957488,"",0,"",0,0,0,0,0,0,0,0,0,0
Vertex,12876,2.749776,8.746867,-0.5916425,0.9150832,0.2406469,-0.3235922,1,0.6298926,0.6962823,0,0,0,0,0,0,0,0,0,0,0,0,0,0,0,0,1,"左足D",0.9513146,"下半身",0.04868543,"",0,"",0,0,0,0,0,0,0,0,0,0
Vertex,12877,0.9007676,12.10282,-1.590515,0.3703783,0.1270367,-0.920153,1,0.5537528,0.5367755,0,0,0,0,0,0,0,0,0,0,0,0,0,0,0,0,2,"下半身",0.981941,"上半身2",0.01382624,"左足D",0.004232706,"全ての親",0,0,0,0,0,0,0,0,0,0
Vertex,12878,2.879563,8.250688,-0.5872047,0.9089387,0.2439661,-0.3380991,1,0.6298926,0.7160512,0,0,0,0,0,0,0,0,0,0,0,0,0,0,0,0,1,"左足D",0.9716718,"下半身",0.02832818,"",0,"",0,0,0,0,0,0,0,0,0,0
Vertex,12879,3.578481,5.640826,-0.625938,0.90737,0.2513038,-0.3369364,1,0.6298926,0.8136519,0,0,0,0,0,0,0,0,0,0,0,0,0,0,0,0,1,"左ひざD",0.5491835,"左足D",0.4508165,"",0,"",0,0,0,0,0,0,0,0,0,0
Vertex,12880,3.738337,5.003158,-0.6577501,0.9071285,0.2438024,-0.3430427,1,0.6298926,0.8367636,0,0,0,0,0,0,0,0,0,0,0,0,0,0,0,0,2,"左ひざD",0.6703284,"装飾_07-01_J_Sec_L_CoatSkirtSide1",0.2096473,"左足D",0.1200243,"全ての親",0,0,0,0,0,0,0,0,0,0
Vertex,12882,3.014277,7.753854,-0.5855773,0.9073765,0.2466691,-0.3403265,1,0.6298926,0.7354382,0,0,0,0,0,0,0,0,0,0,0,0,0,0,0,0,2,"左足D",0.9822079,"下半身",0.01391886,"左ひざD",0.003873227,"全ての親",0,0,0,0,0,0,0,0,0,0
Vertex,12884,3.151537,7.25246,-0.5878347,0.9075252,0.249386,-0.3379416,1,0.6298926,0.7545938,0,0,0,0,0,0,0,0,0,0,0,0,0,0,0,0,2,"左足D",0.982421,"左ひざD",0.01160441,"下半身",0.005974634,"全ての親",0,0,0,0,0,0,0,0,0,0
Vertex,12886,3.29132,6.749844,-0.5906913,0.90925,0.2454914,-0.3361524,1,0.6298926,0.773494,0,0,0,0,0,0,0,0,0,0,0,0,0,0,0,0,2,"左足D",0.9551958,"左ひざD",0.04231192,"下半身",0.002492241,"全ての親",0,0,0,0,0,0,0,0,0,0
Vertex,12887,0.6030472,12.0939,-1.692958,0.2704215,0.1176589,-0.9555253,1,0.5358003,0.5367755,0,0,0,0,0,0,0,0,0,0,0,0,0,0,0,0,2,"下半身",0.9524503,"上半身2",0.03972423,"左足D",0.007825517,"全ての親",0,0,0,0,0,0,0,0,0,0
Vertex,12888,3.432207,6.19844,-0.6019499,0.9077793,0.2478635,-0.3383791,1,0.6298926,0.7936038,0,0,0,0,0,0,0,0,0,0,0,0,0,0,0,0,1,"左足D",0.8004525,"左ひざD",0.1995475,"",0,"",0,0,0,0,0,0,0,0,0,0
Vertex,12892,3.411847,4.963074,-1.257958,0.7881547,0.2319569,-0.5700948,1,0.6099016,0.8367636,0,0,0,0,0,0,0,0,0,0,0,0,0,0,0,0,2,"左ひざD",0.7303995,"左足D",0.1804844,"装飾_07-01_J_Sec_L_CoatSkirtSide1",0.0891161,"全ての親",0,0,0,0,0,0,0,0,0,0
Vertex,12893,3.89506,4.375783,-0.6819608,0.9096516,0.2400142,-0.3390089,1,0.6298926,0.8599187,0,0,0,0,0,0,0,0,0,0,0,0,0,0,0,0,2,"左ひざD",0.6290801,"装飾_07-01_J_Sec_L_CoatSkirtSide1",0.3103955,"装飾_07-02_J_Sec_L_CoatSkirtSide2",0.06052442,"全ての親",0,0,0,0,0,0,0,0,0,0
Vertex,12894,3.560173,4.336036,-1.307737,0.792142,0.2298585,-0.565399,1,0.6099016,0.8599187,0,0,0,0,0,0,0,0,0,0,0,0,0,0,0,0,2,"左ひざD",0.8026527,"装飾_07-01_J_Sec_L_CoatSkirtSide1",0.1404504,"左足D",0.05689686,"全ての親",0,0,0,0,0,0,0,0,0,0
Vertex,12898,3.263937,5.598096,-1.201284,0.7866618,0.2349869,-0.5709154,1,0.6099016,0.8136519,0,0,0,0,0,0,0,0,0,0,0,0,0,0,0,0,1,"左ひざD",0.5115023,"左足D",0.4884977,"",0,"",0,0,0,0,0,0,0,0,0,0
Vertex,12901,2.871023,7.203393,-1.101435,0.7812754,0.2191255,-0.5844594,1,0.6099016,0.7545938,0,0,0,0,0,0,0,0,0,0,0,0,0,0,0,0,2,"左足D",0.98131,"左ひざD",0.01322076,"下半身",0.005469292,"全ての親",0,0,0,0,0,0,0,0,0,0
Vertex,12902,2.995822,6.70045,-1.123198,0.7822024,0.2218294,-0.5821952,1,0.6099016,0.773494,0,0,0,0,0,0,0,0,0,0,0,0,0,0,0,0,2,"左足D",0.9641623,"左ひざD",0.03346397,"下半身",0.002373755,"全ての親",0,0,0,0,0,0,0,0,0,0
Vertex,12904,3.129107,6.151772,-1.155062,0.79735,0.2318665,-0.5571992,1,0.6099016,0.7936038,0,0,0,0,0,0,0,0,0,0,0,0,0,0,0,0,1,"左足D",0.8188958,"左ひざD",0.1811042,"",0,"",0,0,0,0,0,0,0,0,0,0
Vertex,12905,0.3184925,12.08746,-1.759432,0.1552143,0.1251266,-0.9799244,1,0.5184557,0.5367755,0,0,0,0,0,0,0,0,0,0,0,0,0,0,0,0,2,"下半身",0.9490122,"上半身2",0.04588306,"左足D",0.005104688,"全ての親",0,0,0,0,0,0,0,0,0,0
Vertex,12906,-0.003482391,12.08117,-1.783574,-2.563234E-08,0.123838,-0.9923024,1,0.4999426,0.5367755,0,0,0,0,0,0,0,0,0,0,0,0,0,0,0,0,1,"下半身",0.949495,"上半身2",0.05050504,"",0,"",0,0,0,0,0,0,0,0,0,0
Vertex,12907,2.717632,6.109898,-1.603422,0.6641883,0.2200999,-0.7144298,1,0.5909389,0.7936038,0,0,0,0,0,0,0,0,0,0,0,0,0,0,0,0,1,"左足D",0.830747,"左ひざD",0.169253,"",0,"",0,0,0,0,0,0,0,0,0,0
Vertex,12913,0.3349754,11.6373,-1.788326,0.1643095,0.09310909,-0.9820046,1,0.5184557,0.5616863,0,0,0,0,0,0,0,0,0,0,0,0,0,0,0,0,2,"下半身",0.9714715,"上半身2",0.01596707,"左足D",0.01256139,"全ての親",0,0,0,0,0,0,0,0,0,0
Vertex,12918,2.966207,4.926782,-1.751948,0.6631111,0.2220696,-0.7148208,1,0.5909389,0.8367636,0,0,0,0,0,0,0,0,0,0,0,0,0,0,0,0,2,"左ひざD",0.7478536,"左足D",0.2146291,"装飾_07-01_J_Sec_L_CoatSkirtSide1",0.03751735,"全ての親",0,0,0,0,0,0,0,0,0,0
Vertex,12919,3.09814,4.301008,-1.823069,0.6661927,0.2188893,-0.7129339,1,0.5909389,0.8599187,0,0,0,0,0,0,0,0,0,0,0,0,0,0,0,0,2,"左ひざD",0.8622304,"左足D",0.07929807,"装飾_07-01_J_Sec_L_CoatSkirtSide1",0.05847152,"全ての親",0,0,0,0,0,0,0,0,0,0
Vertex,12920,2.692197,3.624255,-2.333615,0.5421796,0.2083055,-0.8140332,1,0.5724329,0.8837376,0,0,0,0,0,0,0,0,0,0,0,0,0,0,0,0,2,"左ひざD",0.8963839,"装飾_06-01_J_Sec_L_CoatSkirtFront",0.06406546,"装飾_07-02_J_Sec_L_CoatSkirtSide2",0.03955059,"全ての親",0,0,0,0,0,0,0,0,0,0
Vertex,12921,2.579907,4.270097,-2.241928,0.5415177,0.2099597,-0.8140489,1,0.5724329,0.8599187,0,0,0,0,0,0,0,0,0,0,0,0,0,0,0,0,2,"左ひざD",0.8912821,"左足D",0.09237218,"装飾_06-01_J_Sec_L_CoatSkirtFront",0.01634566,"全ての親",0,0,0,0,0,0,0,0,0,0
Vertex,12924,2.837087,5.558732,-1.671027,0.6597423,0.2255905,-0.7168326,1,0.5909389,0.8136519,0,0,0,0,0,0,0,0,0,0,0,0,0,0,0,0,1,"左ひざD",0.484688,"左足D",0.5153121,"",0,"",0,0,0,0,0,0,0,0,0,0
Vertex,12925,2.46614,4.895388,-2.151886,0.5398152,0.2158952,-0.8136269,1,0.5724329,0.8367636,0,0,0,0,0,0,0,0,0,0,0,0,0,0,0,0,1,"左ひざD",0.7418959,"左足D",0.2581041,"",0,"",0,0,0,0,0,0,0,0,0,0
Vertex,12926,2.354468,5.524498,-2.055186,0.5370789,0.2189064,-0.8146326,1,0.5724329,0.8136519,0,0,0,0,0,0,0,0,0,0,0,0,0,0,0,0,1,"左ひざD",0.4815402,"左足D",0.5184598,"",0,"",0,0,0,0,0,0,0,0,0,0
Vertex,12929,2.091954,3.597609,-2.67283,0.3973553,0.1956228,-0.8965715,1,0.5537528,0.8837376,0,0,0,0,0,0,0,0,0,0,0,0,0,0,0,0,2,"左ひざD",0.81207,"装飾_06-01_J_Sec_L_CoatSkirtFront",0.157644,"左足D",0.030286,"全ての親",0,0,0,0,0,0,0,0,0,0
Vertex,12933,2.001774,4.243387,-2.57237,0.4012068,0.1976943,-0.8943992,1,0.5537528,0.8599187,0,0,0,0,0,0,0,0,0,0,0,0,0,0,0,0,2,"左ひざD",0.8505815,"左足D",0.1051198,"装飾_06-01_J_Sec_L_CoatSkirtFront",0.04429875,"全ての親",0,0,0,0,0,0,0,0,0,0
Vertex,12934,1.430171,3.575083,-2.914675,0.2532843,0.1804069,-0.9504212,1,0.5358003,0.8837376,0,0,0,0,0,0,0,0,0,0,0,0,0,0,0,0,2,"左ひざD",0.9281411,"右足D",0.06005418,"左足D",0.01180476,"全ての親",0,0,0,0,0,0,0,0,0,0
Vertex,12936,1.913339,4.867895,-2.468746,0.4033893,0.2066554,-0.8913869,1,0.5537528,0.8367636,0,0,0,0,0,0,0,0,0,0,0,0,0,0,0,0,1,"左ひざD",0.7230594,"左足D",0.2769406,"",0,"",0,0,0,0,0,0,0,0,0,0
Vertex,12938,1.364563,4.221283,-2.810251,0.2626039,0.191872,-0.9456344,1,0.5358003,0.8599187,0,0,0,0,0,0,0,0,0,0,0,0,0,0,0,0,2,"左ひざD",0.9098858,"右足D",0.06015059,"左足D",0.02996367,"全ての親",0,0,0,0,0,0,0,0,0,0
Vertex,12940,1.306641,4.844726,-2.698365,0.2716306,0.2010543,-0.9411663,1,0.5358003,0.8367636,0,0,0,0,0,0,0,0,0,0,0,0,0,0,0,0,2,"左ひざD",0.7574589,"左足D",0.1825411,"右足D",0.06,"全ての親",0,0,0,0,0,0,0,0,0,0
Vertex,12941,0.6786917,4.829535,-2.836486,0.1474165,0.2022615,-0.9681728,1,0.5184557,0.8367636,0,0,0,0,0,0,0,0,0,0,0,0,0,0,0,0,2,"左ひざD",0.5759364,"左足D",0.2025732,"右ひざD",0.136253,"右足D",0.08523742,0,0,0,0,0,0,0,0,0
Vertex,12942,1.826577,5.495545,-2.358499,0.4014215,0.2120389,-0.8910109,1,0.5537528,0.8136519,0,0,0,0,0,0,0,0,0,0,0,0,0,0,0,0,1,"左足D",0.5331529,"左ひざD",0.4668471,"",0,"",0,0,0,0,0,0,0,0,0,0
Vertex,12943,2.255317,6.072705,-1.972707,0.5393135,0.210581,-0.8153506,1,0.5724329,0.7936038,0,0,0,0,0,0,0,0,0,0,0,0,0,0,0,0,1,"左足D",0.8126248,"左ひざD",0.1873752,"",0,"",0,0,0,0,0,0,0,0,0,0
Vertex,12946,2.596149,6.657121,-1.552322,0.6535361,0.2066659,-0.7281344,1,0.5909389,0.773494,0,0,0,0,0,0,0,0,0,0,0,0,0,0,0,0,2,"左足D",0.9598572,"左ひざD",0.03792053,"下半身",0.002222287,"全ての親",0,0,0,0,0,0,0,0,0,0
Vertex,12949,0.706185,4.211252,-2.964923,0.131925,0.1920012,-0.9724872,1,0.5184557,0.8599187,0,0,0,0,0,0,0,0,0,0,0,0,0,0,0,0,1,"左ひざD",0.7743798,"右ひざD",0.2256202,"",0,"",0,0,0,0,0,0,0,0,0,0
Vertex,12950,0.7383912,3.565593,-3.075947,0.1184144,0.1753659,-0.977356,1,0.5184557,0.8837376,0,0,0,0,0,0,0,0,0,0,0,0,0,0,0,0,1,"左ひざD",0.7762547,"右ひざD",0.2237453,"",0,"",0,0,0,0,0,0,0,0,0,0
Vertex,12952,-0.003472837,4.206874,-3.016017,1.223089E-06,0.1865334,-0.9824486,1,0.4999426,0.8599187,0,0,0,0,0,0,0,0,0,0,0,0,0,0,0,0,1,"左ひざD",0.5,"右ひざD",0.5,"",0,"",0,0,0,0,0,0,0,0,0,0
Vertex,12953,-0.003471935,3.561424,-3.131947,1.291377E-06,0.1751448,-0.9845427,1,0.4999426,0.8837376,0,0,0,0,0,0,0,0,0,0,0,0,0,0,0,0,1,"左ひざD",0.5,"右ひざD",0.5,"",0,"",0,0,0,0,0,0,0,0,0,0
Vertex,12954,-0.7453351,3.565593,-3.075951,-0.1184119,0.1753659,-0.9773563,1,0.4814296,0.8837376,0,0,0,0,0,0,0,0,0,0,0,0,0,0,0,0,1,"右ひざD",0.7762547,"左ひざD",0.2237453,"",0,"",0,0,0,0,0,0,0,0,0,0
Vertex,12998,-0.8704106,9.32833,1.974626,-0.2759464,0.2812416,0.9191065,1,0.231557,0.6784872,0,0,0,0,0,0,0,0,0,0,0,0,0,0,0,0,2,"右足D",0.72546,"下半身",0.1921684,"左足D",0.08237169,"全ての親",0,0,0,0,0,0,0,0,0,0
Vertex,12999,-0.922361,8.886169,2.093745,-0.2648102,0.2877015,0.9203822,1,0.231557,0.6962823,0,0,0,0,0,0,0,0,0,0,0,0,0,0,0,0,2,"右足D",0.8210796,"左足D",0.09069076,"下半身",0.08822966,"全ての親",0,0,0,0,0,0,0,0,0,0
Vertex,13000,-0.4649328,8.872949,2.190871,-0.1275366,0.2781718,0.9520267,1,0.2137679,0.6962823,0,0,0,0,0,0,0,0,0,0,0,0,0,0,0,0,1,"右足D",0.7284759,"左足D",0.2715241,"",0,"",0,0,0,0,0,0,0,0,0,0
Vertex,13002,-0.4394578,9.324791,2.075108,-0.1414871,0.2659666,0.9535424,1,0.2137679,0.6784872,0,0,0,0,0,0,0,0,0,0,0,0,0,0,0,0,2,"右足D",0.6333844,"下半身",0.1957332,"左足D",0.1708823,"全ての親",0,0,0,0,0,0,0,0,0,0
Vertex,13004,-1.643229,9.756558,1.452064,-0.5594416,0.2947841,0.7746789,1,0.270805,0.6602798,0,0,0,0,0,0,0,0,0,0,0,0,0,0,0,0,1,"右足D",0.7915616,"下半身",0.2084384,"",0,"",0,0,0,0,0,0,0,0,0,0
Vertex,13005,-1.734007,9.319339,1.550083,-0.5615234,0.2969324,0.7723487,1,0.270805,0.6784872,0,0,0,0,0,0,0,0,0,0,0,0,0,0,0,0,1,"右足D",0.8739901,"下半身",0.1260099,"",0,"",0,0,0,0,0,0,0,0,0,0
Vertex,13006,-1.310038,9.327754,1.803466,-0.4174887,0.2918915,0.8605245,1,0.2504584,0.6784872,0,0,0,0,0,0,0,0,0,0,0,0,0,0,0,0,1,"右足D",0.8459723,"下半身",0.1540277,"",0,"",0,0,0,0,0,0,0,0,0,0
Vertex,13007,-1.465193,10.62791,1.26356,-0.5625637,0.2873508,0.7752107,1,0.270805,0.6224543,0,0,0,0,0,0,0,0,0,0,0,0,0,0,0,0,2,"下半身",0.6324344,"右足D",0.3661774,"上半身2",0.001388167,"全ての親",0,0,0,0,0,0,0,0,0,0
Vertex,13008,-1.551542,10.19439,1.357547,-0.56014,0.2917017,0.7753407,1,0.270805,0.6416167,0,0,0,0,0,0,0,0,0,0,0,0,0,0,0,0,1,"右足D",0.5790893,"下半身",0.4209107,"",0,"",0,0,0,0,0,0,0,0,0,0
Vertex,13009,-1.166677,10.20565,1.58903,-0.4257631,0.2827137,0.859534,1,0.2504584,0.6416167,0,0,0,0,0,0,0,0,0,0,0,0,0,0,0,0,2,"下半身",0.4749138,"右足D",0.5182274,"左足D",0.006858798,"全ての親",0,0,0,0,0,0,0,0,0,0
Vertex,13010,-1.238234,9.765804,1.693425,-0.4200027,0.2875747,0.8607546,1,0.2504584,0.6602798,0,0,0,0,0,0,0,0,0,0,0,0,0,0,0,0,1,"右足D",0.7571048,"下半身",0.2428952,"",0,"",0,0,0,0,0,0,0,0,0,0
Vertex,13011,-0.8207278,9.769838,1.857143,-0.2844241,0.2792445,0.9171289,1,0.231557,0.6602798,0,0,0,0,0,0,0,0,0,0,0,0,0,0,0,0,2,"右足D",0.6014036,"下半身",0.3306828,"左足D",0.06791364,"全ての親",0,0,0,0,0,0,0,0,0,0
Vertex,13012,-1.098382,10.64141,1.486284,-0.4316088,0.2789738,0.8578388,1,0.2504584,0.6224543,0,0,0,0,0,0,0,0,0,0,0,0,0,0,0,0,2,"下半身",0.7219821,"右足D",0.2766079,"上半身2",0.001410001,"全ての親",0,0,0,0,0,0,0,0,0,0
Vertex,13013,-0.4156856,9.769644,1.954522,-0.15204,0.2698861,0.950813,1,0.2137679,0.6602798,0,0,0,0,0,0,0,0,0,0,0,0,0,0,0,0,2,"下半身",0.3643942,"右足D",0.4985619,"左足D",0.1370439,"全ての親",0,0,0,0,0,0,0,0,0,0
Vertex,13014,-1.035932,11.04067,1.390214,-0.4347034,0.2836832,0.8547261,1,0.2504584,0.6042422,0,0,0,0,0,0,0,0,0,0,0,0,0,0,0,0,1,"下半身",0.7993299,"右足D",0.2006701,"",0,"",0,0,0,0,0,0,0,0,0,0
Vertex,13015,-0.7305748,10.64659,1.631184,-0.293225,0.2739154,0.9159637,1,0.231557,0.6224543,0,0,0,0,0,0,0,0,0,0,0,0,0,0,0,0,2,"下半身",0.6986023,"右足D",0.2700633,"左足D",0.03133438,"全ての親",0,0,0,0,0,0,0,0,0,0
Vertex,13016,-0.7739353,10.21015,1.743293,-0.2911173,0.273619,0.9167243,1,0.231557,0.6416167,0,0,0,0,0,0,0,0,0,0,0,0,0,0,0,0,2,"下半身",0.5234497,"右足D",0.4243787,"左足D",0.05217168,"全ての親",0,0,0,0,0,0,0,0,0,0
Vertex,13018,-0.6883208,11.04913,1.524341,-0.2864498,0.2829606,0.9153578,1,0.231557,0.6042422,0,0,0,0,0,0,0,0,0,0,0,0,0,0,0,0,1,"下半身",0.8257149,"右足D",0.1742851,"",0,"",0,0,0,0,0,0,0,0,0,0
Vertex,13019,-0.3938171,10.21305,1.838204,-0.1596347,0.2684036,0.9499875,1,0.2137679,0.6416167,0,0,0,0,0,0,0,0,0,0,0,0,0,0,0,0,2,"下半身",0.5895997,"右足D",0.3078203,"左足D",0.1025799,"全ての親",0,0,0,0,0,0,0,0,0,0
Vertex,13020,-0.6433623,11.44739,1.415023,-0.2828504,0.300553,0.9108587,1,0.231557,0.5855598,0,0,0,0,0,0,0,0,0,0,0,0,0,0,0,0,1,"下半身",0.902693,"右足D",0.09730703,"",0,"",0,0,0,0,0,0,0,0,0,0
Vertex,13021,-0.3546738,11.05135,1.600786,-0.1579683,0.2873039,0.9447235,1,0.2137679,0.6042422,0,0,0,0,0,0,0,0,0,0,0,0,0,0,0,0,2,"下半身",0.8176043,"右足D",0.132621,"左足D",0.04977469,"全ての親",0,0,0,0,0,0,0,0,0,0
Vertex,13022,-0.3742999,10.64881,1.719456,-0.1590311,0.2769335,0.9476376,1,0.2137679,0.6224543,0,0,0,0,0,0,0,0,0,0,0,0,0,0,0,0,2,"下半身",0.7227973,"右足D",0.2041465,"左足D",0.0730562,"全ての親",0,0,0,0,0,0,0,0,0,0
Vertex,13023,-0.3328836,11.45159,1.48154,-0.1637079,0.296735,0.9408231,1,0.2137679,0.5855598,0,0,0,0,0,0,0,0,0,0,0,0,0,0,0,0,2,"下半身",0.9012064,"右足D",0.07606867,"左足D",0.02272495,"全ての親",0,0,0,0,0,0,0,0,0,0
Vertex,13025,-1.387434,11.02637,1.175706,-0.566079,0.2896286,0.7717965,1,0.270805,0.6042422,0,0,0,0,0,0,0,0,0,0,0,0,0,0,0,0,2,"下半身",0.7503716,"右足D",0.2460426,"上半身2",0.00358573,"全ての親",0,0,0,0,0,0,0,0,0,0
Vertex,13027,-0.9675959,11.43894,1.291938,-0.4324571,0.3034435,0.84906,1,0.2504584,0.5855598,0,0,0,0,0,0,0,0,0,0,0,0,0,0,0,0,1,"下半身",0.8428805,"右足D",0.1571195,"",0,"",0,0,0,0,0,0,0,0,0,0
Vertex,13029,-1.303955,11.42384,1.084236,-0.5681461,0.3046097,0.7644756,1,0.270805,0.5855598,0,0,0,0,0,0,0,0,0,0,0,0,0,0,0,0,1,"下半身",0.7907775,"右足D",0.2092225,"",0,"",0,0,0,0,0,0,0,0,0,0
Vertex,13030,-0.5865223,11.92769,1.270781,-0.2751983,0.3142537,0.9085761,1,0.231557,0.5616863,0,0,0,0,0,0,0,0,0,0,0,0,0,0,0,0,1,"下半身",0.9606656,"右足D",0.03933442,"",0,"",0,0,0,0,0,0,0,0,0,0
Vertex,13031,-0.2981603,11.93177,1.33163,-0.160964,0.3208465,0.9333531,1,0.2137679,0.5616863,0,0,0,0,0,0,0,0,0,0,0,0,0,0,0,0,1,"下半身",0.9692486,"右足D",0.03075141,"",0,"",0,0,0,0,0,0,0,0,0,0
Vertex,13032,-1.73893,12.25145,0.08376239,-0.8945494,0.3233851,0.3085504,1,0.3305092,0.5367755,0,0,0,0,0,0,0,0,0,0,0,0,0,0,0,0,2,"下半身",0.8960945,"右足D",0.04341383,"上半身2",0.01907483,"上半身",0.04141685,0,0,0,0,0,0,0,0,0
Vertex,13035,-0.8835343,11.91927,1.152183,-0.4236217,0.309631,0.8512774,1,0.2504584,0.5616863,0,0,0,0,0,0,0,0,0,0,0,0,0,0,0,0,1,"下半身",0.9431861,"右足D",0.0568139,"",0,"",0,0,0,0,0,0,0,0,0,0
Vertex,13036,-0.2667305,12.32973,1.188666,-0.1468867,0.3886436,0.9096045,1,0.2137679,0.5367755,0,0,0,0,0,0,0,0,0,0,0,0,0,0,0,0,2,"下半身",0.8956133,"右足D",0.005157882,"上半身2",0.003447825,"上半身",0.09578101,0,0,0,0,0,0,0,0,0
Vertex,13037,-0.004302859,11.93437,1.372707,0.0003185355,0.3349379,0.9422402,1,0.1965372,0.5616863,0,0,0,0,0,0,0,0,0,0,0,0,0,0,0,0,1,"下半身",0.9692486,"右足D",0.03075141,"",0,"",0,0,0,0,0,0,0,0,0,0
Vertex,13038,-1.199813,11.9059,0.9652643,-0.5631636,0.3048817,0.7680455,1,0.270805,0.5616863,0,0,0,0,0,0,0,0,0,0,0,0,0,0,0,0,1,"下半身",0.9165275,"右足D",0.08347255,"",0,"",0,0,0,0,0,0,0,0,0,0
Vertex,13039,-1.588657,12.27226,0.4095315,-0.8087342,0.3149359,0.4967538,1,0.3106309,0.5367755,0,0,0,0,0,0,0,0,0,0,0,0,0,0,0,0,2,"下半身",0.8773345,"右足D",0.04429524,"上半身2",0.02469463,"上半身",0.0536756,0,0,0,0,0,0,0,0,0
Vertex,13040,-1.359893,12.29141,0.6650913,-0.6851677,0.3165904,0.6559845,1,0.2906768,0.5367755,0,0,0,0,0,0,0,0,0,0,0,0,0,0,0,0,2,"下半身",0.8613777,"右足D",0.04100608,"上半身2",0.03316424,"上半身",0.06445199,0,0,0,0,0,0,0,0,0
Vertex,13041,-0.8293413,12.318,1.036518,-0.3977502,0.3737582,0.8379139,1,0.2504584,0.5367755,0,0,0,0,0,0,0,0,0,0,0,0,0,0,0,0,2,"下半身",0.8678683,"上半身2",0.02754624,"右足D",0.02049314,"上半身",0.0840923,0,0,0,0,0,0,0,0,0
Vertex,13042,-0.5451469,12.3264,1.137037,-0.2489565,0.3867975,0.8879236,1,0.231557,0.5367755,0,0,0,0,0,0,0,0,0,0,0,0,0,0,0,0,2,"下半身",0.8953391,"上半身2",0.006440317,"右足D",0.00583693,"上半身",0.09238363,0,0,0,0,0,0,0,0,0
Vertex,13043,-1.812406,11.3867,0.5576469,-0.8190138,0.30762,0.4843411,1,0.3106309,0.5855598,0,0,0,0,0,0,0,0,0,0,0,0,0,0,0,0,1,"下半身",0.6517474,"右足D",0.3482526,"",0,"",0,0,0,0,0,0,0,0,0,0
Vertex,13044,-1.585834,11.40703,0.8460046,-0.6961502,0.3071887,0.6488529,1,0.2906768,0.5855598,0,0,0,0,0,0,0,0,0,0,0,0,0,0,0,0,1,"下半身",0.7316245,"右足D",0.2683755,"",0,"",0,0,0,0,0,0,0,0,0,0
Vertex,13045,-1.452291,11.89026,0.7458538,-0.6945068,0.3118705,0.6483803,1,0.2906768,0.5616863,0,0,0,0,0,0,0,0,0,0,0,0,0,0,0,0,1,"下半身",0.8873979,"右足D",0.1126021,"",0,"",0,0,0,0,0,0,0,0,0,0
Vertex,13048,-0.003482251,12.33926,1.217971,9.610874E-08,0.4151967,0.9097316,1,0.1965372,0.5367755,0,0,0,0,0,0,0,0,0,0,0,0,0,0,0,0,1,"下半身",0.8983729,"上半身",0.1016271,"",0,"",0,0,0,0,0,0,0,0,0,0
Vertex,13049,-1.845501,11.84272,0.1156551,-0.9116049,0.2821977,0.2988996,1,0.3305092,0.5616863,0,0,0,0,0,0,0,0,0,0,0,0,0,0,0,0,1,"下半身",0.8453604,"右足D",0.1546396,"",0,"",0,0,0,0,0,0,0,0,0,0
Vertex,13050,-1.99624,11.35784,0.1733205,-0.8940824,0.3061792,0.3269112,1,0.3305092,0.5855598,0,0,0,0,0,0,0,0,0,0,0,0,0,0,0,0,1,"下半身",0.5944729,"右足D",0.4055271,"",0,"",0,0,0,0,0,0,0,0,0,0
Vertex,13051,-1.67512,11.87069,0.4740975,-0.8203218,0.2950723,0.4899025,1,0.3106309,0.5616863,0,0,0,0,0,0,0,0,0,0,0,0,0,0,0,0,1,"下半身",0.8544266,"右足D",0.1455734,"",0,"",0,0,0,0,0,0,0,0,0,0
Vertex,13052,-1.922449,10.98824,0.613916,-0.8227035,0.3042297,0.4802117,1,0.3106309,0.6042422,0,0,0,0,0,0,0,0,0,0,0,0,0,0,0,0,2,"下半身",0.6319123,"右足D",0.3649494,"上半身2",0.003138345,"全ての親",0,0,0,0,0,0,0,0,0,0
Vertex,13053,-1.683158,11.00928,0.9231518,-0.6990843,0.2964738,0.65068,1,0.2906768,0.6042422,0,0,0,0,0,0,0,0,0,0,0,0,0,0,0,0,2,"下半身",0.7006949,"右足D",0.2953125,"上半身2",0.003992646,"全ての親",0,0,0,0,0,0,0,0,0,0
Vertex,13054,-1.880791,10.17897,1.077322,-0.6950794,0.298643,0.6539701,1,0.2906768,0.6416167,0,0,0,0,0,0,0,0,0,0,0,0,0,0,0,0,1,"右足D",0.6248155,"下半身",0.3751845,"",0,"",0,0,0,0,0,0,0,0,0,0
Vertex,13055,-1.777867,10.61151,0.9981523,-0.6958514,0.2948064,0.6548893,1,0.2906768,0.6224543,0,0,0,0,0,0,0,0,0,0,0,0,0,0,0,0,1,"下半身",0.5622275,"右足D",0.4377725,"",0,"",0,0,0,0,0,0,0,0,0,0
Vertex,13056,-1.833546,12.22772,-0.2576624,-0.9459726,0.3066023,0.1055026,1,0.3500383,0.5367755,0,0,0,0,0,0,0,0,0,0,0,0,0,0,0,0,2,"下半身",0.9244547,"右足D",0.0383429,"上半身2",0.00951504,"上半身",0.02768729,0,0,0,0,0,0,0,0,0
Vertex,13057,-1.941923,11.81425,-0.2431486,-0.9613363,0.2685458,0.06095565,1,0.3500383,0.5616863,0,0,0,0,0,0,0,0,0,0,0,0,0,0,0,0,1,"下半身",0.8539859,"右足D",0.1460141,"",0,"",0,0,0,0,0,0,0,0,0,0
Vertex,13058,-2.094255,11.32761,-0.2055447,-0.9529448,0.2902103,0.08760285,1,0.3500383,0.5855598,0,0,0,0,0,0,0,0,0,0,0,0,0,0,0,0,1,"下半身",0.5632244,"右足D",0.4367756,"",0,"",0,0,0,0,0,0,0,0,0,0
Vertex,13059,-2.113236,10.95977,0.2140908,-0.9090805,0.3009844,0.2880643,1,0.3305092,0.6042422,0,0,0,0,0,0,0,0,0,0,0,0,0,0,0,0,2,"下半身",0.5581879,"右足D",0.4405605,"上半身2",0.001251559,"全ての親",0,0,0,0,0,0,0,0,0,0
Vertex,13060,-1.829841,12.19389,-0.6246076,-0.9361286,0.282187,-0.2098421,1,0.3699926,0.5367755,0,0,0,0,0,0,0,0,0,0,0,0,0,0,0,0,2,"下半身",0.9630472,"右足D",0.02963351,"上半身",0.007319266,"全ての親",0,0,0,0,0,0,0,0,0,0
Vertex,13062,-2.36273,10.13149,0.3051825,-0.9065816,0.3030559,0.2937123,1,0.3305092,0.6416167,0,0,0,0,0,0,0,0,0,0,0,0,0,0,0,0,1,"右足D",0.7344801,"下半身",0.2655199,"",0,"",0,0,0,0,0,0,0,0,0,0
Vertex,13063,-2.491874,9.696843,0.3522387,-0.9087034,0.3028725,0.287274,1,0.3305092,0.6602798,0,0,0,0,0,0,0,0,0,0,0,0,0,0,0,0,1,"右足D",0.8521874,"下半身",0.1478126,"",0,"",0,0,0,0,0,0,0,0,0,0
Vertex,13064,-2.151764,10.15839,0.7340923,-0.816023,0.3022251,0.4927134,1,0.3106309,0.6416167,0,0,0,0,0,0,0,0,0,0,0,0,0,0,0,0,1,"右足D",0.6931346,"下半身",0.3068654,"",0,"",0,0,0,0,0,0,0,0,0,0
Vertex,13065,-2.273204,9.722748,0.7949895,-0.8148469,0.3020731,0.4947489,1,0.3106309,0.6602798,0,0,0,0,0,0,0,0,0,0,0,0,0,0,0,0,1,"右足D",0.832426,"下半身",0.167574,"",0,"",0,0,0,0,0,0,0,0,0,0
Vertex,13066,-2.234744,10.5631,0.2591352,-0.9050099,0.3070082,0.2944538,1,0.3305092,0.6224543,0,0,0,0,0,0,0,0,0,0,0,0,0,0,0,0,1,"右足D",0.59184,"下半身",0.40816,"",0,"",0,0,0,0,0,0,0,0,0,0
Vertex,13067,-2.394172,9.285979,0.8546212,-0.8153561,0.2983006,0.4961968,1,0.3106309,0.6784872,0,0,0,0,0,0,0,0,0,0,0,0,0,0,0,0,1,"右足D",0.9024723,"下半身",0.09752774,"",0,"",0,0,0,0,0,0,0,0,0,0
Vertex,13068,-1.98833,9.742796,1.156137,-0.696981,0.2979406,0.6522644,1,0.2906768,0.6602798,0,0,0,0,0,0,0,0,0,0,0,0,0,0,0,0,1,"右足D",0.8004578,"下半身",0.1995422,"",0,"",0,0,0,0,0,0,0,0,0,0
Vertex,13069,-2.034501,10.59076,0.6719868,-0.8196374,0.3027044,0.4863791,1,0.3106309,0.6224543,0,0,0,0,0,0,0,0,0,0,0,0,0,0,0,0,1,"右足D",0.5270457,"下半身",0.4729543,"",0,"",0,0,0,0,0,0,0,0,0,0
Vertex,13070,-2.095481,9.305945,1.236483,-0.7003992,0.2976054,0.6487465,1,0.2906768,0.6784872,0,0,0,0,0,0,0,0,0,0,0,0,0,0,0,0,1,"右足D",0.8807119,"下半身",0.1192881,"",0,"",0,0,0,0,0,0,0,0,0,0
Vertex,13071,-2.621532,9.260892,0.3971477,-0.9113253,0.300352,0.2815577,1,0.3305092,0.6784872,0,0,0,0,0,0,0,0,0,0,0,0,0,0,0,0,1,"右足D",0.9120961,"下半身",0.08790386,"",0,"",0,0,0,0,0,0,0,0,0,0
Vertex,13072,-2.751889,8.824266,0.4392908,-0.9058682,0.2913776,0.3074115,1,0.3305092,0.6962823,0,0,0,0,0,0,0,0,0,0,0,0,0,0,0,0,1,"右足D",0.9406633,"下半身",0.05933666,"",0,"",0,0,0,0,0,0,0,0,0,0
Vertex,13073,-2.887264,8.329416,0.4833567,-0.9218939,0.2858269,0.2615618,1,0.3305092,0.7160512,0,0,0,0,0,0,0,0,0,0,0,0,0,0,0,0,1,"右足D",0.9663767,"下半身",0.03362328,"",0,"",0,0,0,0,0,0,0,0,0,0
Vertex,13074,-3.026986,7.834093,0.5302991,-0.9189137,0.2864909,0.2711469,1,0.3305092,0.7354382,0,0,0,0,0,0,0,0,0,0,0,0,0,0,0,0,2,"右足D",0.9816449,"下半身",0.01553693,"右ひざD",0.002818222,"全ての親",0,0,0,0,0,0,0,0,0,0
Vertex,13075,-2.647792,8.35482,0.9825034,-0.8241245,0.2958688,0.4829912,1,0.3106309,0.7160512,0,0,0,0,0,0,0,0,0,0,0,0,0,0,0,0,1,"右足D",0.962077,"下半身",0.03792298,"",0,"",0,0,0,0,0,0,0,0,0,0
Vertex,13076,-2.514827,8.848771,0.9148719,-0.8200742,0.2915216,0.4924362,1,0.3106309,0.6962823,0,0,0,0,0,0,0,0,0,0,0,0,0,0,0,0,1,"右足D",0.9343209,"下半身",0.06567913,"",0,"",0,0,0,0,0,0,0,0,0,0
Vertex,13077,-2.787062,7.860376,1.053412,-0.8296365,0.2971789,0.4726393,1,0.3106309,0.7354382,0,0,0,0,0,0,0,0,0,0,0,0,0,0,0,0,2,"右足D",0.9807217,"下半身",0.01730054,"右ひざD",0.001977819,"全ての親",0,0,0,0,0,0,0,0,0,0
Vertex,13078,-2.202693,8.86889,1.318964,-0.7057965,0.2973693,0.6429796,1,0.2906768,0.6962823,0,0,0,0,0,0,0,0,0,0,0,0,0,0,0,0,1,"右足D",0.9193561,"下半身",0.08064389,"",0,"",0,0,0,0,0,0,0,0,0,0
Vertex,13079,-1.928488,11.77194,-0.6295433,-0.9406892,0.2476059,-0.2319378,1,0.3699926,0.5616863,0,0,0,0,0,0,0,0,0,0,0,0,0,0,0,0,1,"下半身",0.8865713,"右足D",0.1134287,"",0,"",0,0,0,0,0,0,0,0,0,0
Vertex,13080,-2.325093,8.374148,1.411671,-0.7099879,0.3038892,0.6352704,1,0.2906768,0.7160512,0,0,0,0,0,0,0,0,0,0,0,0,0,0,0,0,1,"右足D",0.9541658,"下半身",0.04583424,"",0,"",0,0,0,0,0,0,0,0,0,0
Vertex,13081,-2.454024,7.878809,1.50675,-0.715039,0.3025482,0.6302252,1,0.2906768,0.7354382,0,0,0,0,0,0,0,0,0,0,0,0,0,0,0,0,2,"右足D",0.9780249,"下半身",0.02058396,"右ひざD",0.001391113,"全ての親",0,0,0,0,0,0,0,0,0,0
Vertex,13082,-2.043336,7.891238,1.877039,-0.5694841,0.300994,0.7649121,1,0.270805,0.7354382,0,0,0,0,0,0,0,0,0,0,0,0,0,0,0,0,2,"右足D",0.9769118,"下半身",0.02203535,"右ひざD",0.001052867,"全ての親",0,0,0,0,0,0,0,0,0,0
Vertex,13083,-2.921832,7.359506,1.122833,-0.8346717,0.2949903,0.4650848,1,0.3106309,0.7545938,0,0,0,0,0,0,0,0,0,0,0,0,0,0,0,0,2,"右足D",0.9829398,"右ひざD",0.01126625,"下半身",0.005793951,"全ての親",0,0,0,0,0,0,0,0,0,0
Vertex,13084,-2.156771,7.392842,1.987054,-0.5710385,0.3023709,0.7632083,1,0.270805,0.7545938,0,0,0,0,0,0,0,0,0,0,0,0,0,0,0,0,2,"右足D",0.9827011,"右ひざD",0.009698083,"下半身",0.007600781,"全ての親",0,0,0,0,0,0,0,0,0,0
Vertex,13085,-2.583126,7.379294,1.598219,-0.7210789,0.303863,0.6226656,1,0.2906768,0.7545938,0,0,0,0,0,0,0,0,0,0,0,0,0,0,0,0,2,"右足D",0.983023,"右ひざD",0.0106062,"下半身",0.006370761,"全ての親",0,0,0,0,0,0,0,0,0,0
Vertex,13086,-2.715884,6.878931,1.690749,-0.7267894,0.3104638,0.6126903,1,0.2906768,0.773494,0,0,0,0,0,0,0,0,0,0,0,0,0,0,0,0,1,"右足D",0.9586534,"右ひざD",0.04134661,"",0,"",0,0,0,0,0,0,0,0,0,0
Vertex,13087,-2.272513,6.894794,2.099603,-0.5725108,0.3142298,0.7572919,1,0.270805,0.773494,0,0,0,0,0,0,0,0,0,0,0,0,0,0,0,0,2,"右足D",0.9729624,"右ひざD",0.02437611,"下半身",0.002661481,"全ての親",0,0,0,0,0,0,0,0,0,0
Vertex,13088,-3.169086,7.333659,0.574141,-0.9219987,0.2871297,0.2597595,1,0.3305092,0.7545938,0,0,0,0,0,0,0,0,0,0,0,0,0,0,0,0,2,"右足D",0.9833184,"右ひざD",0.01039395,"下半身",0.006287661,"全ての親",0,0,0,0,0,0,0,0,0,0
Vertex,13089,-3.316437,6.829734,0.6177983,-0.926035,0.2844065,0.2481374,1,0.3305092,0.773494,0,0,0,0,0,0,0,0,0,0,0,0,0,0,0,0,2,"右足D",0.9211454,"右ひざD",0.07657304,"下半身",0.002281562,"全ての親",0,0,0,0,0,0,0,0,0,0
Vertex,13090,-2.837903,8.789378,-0.07403243,-0.9598759,0.2800629,0.0142486,1,0.3500383,0.6962823,0,0,0,0,0,0,0,0,0,0,0,0,0,0,0,0,1,"右足D",0.9490436,"下半身",0.05095637,"",0,"",0,0,0,0,0,0,0,0,0,0
Vertex,13091,-3.061239,6.856042,1.19218,-0.8408677,0.2963928,0.4528717,1,0.3106309,0.773494,0,0,0,0,0,0,0,0,0,0,0,0,0,0,0,0,2,"右足D",0.9284793,"右ひざD",0.06945904,"下半身",0.002061689,"全ての親",0,0,0,0,0,0,0,0,0,0
Vertex,13092,-2.585102,9.6637,-0.1196233,-0.9590372,0.2829495,0.01368196,1,0.3500383,0.6602798,0,0,0,0,0,0,0,0,0,0,0,0,0,0,0,0,1,"右足D",0.8724927,"下半身",0.1275073,"",0,"",0,0,0,0,0,0,0,0,0,0
Vertex,13093,-2.710613,9.226887,-0.09591388,-0.9597152,0.280974,0.0005633838,1,0.3500383,0.6784872,0,0,0,0,0,0,0,0,0,0,0,0,0,0,0,0,1,"右足D",0.92158,"下半身",0.07842004,"",0,"",0,0,0,0,0,0,0,0,0,0
Vertex,13094,-3.219074,6.303372,1.259614,-0.8475227,0.303449,0.4354584,1,0.3106309,0.7936038,0,0,0,0,0,0,0,0,0,0,0,0,0,0,0,0,1,"右足D",0.6850567,"右ひざD",0.3149433,"",0,"",0,0,0,0,0,0,0,0,0,0
Vertex,13095,-2.286521,10.48802,-0.6072055,-0.9304584,0.2556013,-0.2625169,1,0.3699926,0.6224543,0,0,0,0,0,0,0,0,0,0,0,0,0,0,0,0,1,"右足D",0.7010102,"下半身",0.2989898,"",0,"",0,0,0,0,0,0,0,0,0,0
Vertex,13096,-2.404323,10.05516,-0.6073393,-0.9257079,0.2524437,-0.2816685,1,0.3699926,0.6416167,0,0,0,0,0,0,0,0,0,0,0,0,0,0,0,0,1,"右足D",0.8017451,"下半身",0.1982549,"",0,"",0,0,0,0,0,0,0,0,0,0
Vertex,13097,-2.459369,10.09928,-0.1438152,-0.9576267,0.2867938,0.02646623,1,0.3500383,0.6416167,0,0,0,0,0,0,0,0,0,0,0,0,0,0,0,0,1,"右足D",0.7702892,"下半身",0.2297108,"",0,"",0,0,0,0,0,0,0,0,0,0
Vertex,13098,-2.330736,10.53205,-0.1658137,-0.9552391,0.2931852,0.03950608,1,0.3500383,0.6224543,0,0,0,0,0,0,0,0,0,0,0,0,0,0,0,0,1,"右足D",0.6471548,"下半身",0.3528452,"",0,"",0,0,0,0,0,0,0,0,0,0
Vertex,13099,-2.521875,9.619874,-0.6053538,-0.9222575,0.2485657,-0.2960679,1,0.3699926,0.6602798,0,0,0,0,0,0,0,0,0,0,0,0,0,0,0,0,1,"右足D",0.8848449,"下半身",0.1151551,"",0,"",0,0,0,0,0,0,0,0,0,0
Vertex,13100,-3.471808,6.274577,0.6570232,-0.9290022,0.2862466,0.2345588,1,0.3305092,0.7936038,0,0,0,0,0,0,0,0,0,0,0,0,0,0,0,0,1,"右足D",0.6950096,"右ひざD",0.3049904,"",0,"",0,0,0,0,0,0,0,0,0,0
Vertex,13101,-2.638999,9.183608,-0.5997725,-0.9186891,0.2444539,-0.3102462,1,0.3699926,0.6784872,0,0,0,0,0,0,0,0,0,0,0,0,0,0,0,0,1,"右足D",0.9263621,"下半身",0.0736379,"",0,"",0,0,0,0,0,0,0,0,0,0
Vertex,13102,-2.208338,10.92932,-0.1880092,-0.9587917,0.2831042,0.02388341,1,0.3500383,0.6042422,0,0,0,0,0,0,0,0,0,0,0,0,0,0,0,0,1,"下半身",0.5042512,"右足D",0.4957488,"",0,"",0,0,0,0,0,0,0,0,0,0
Vertex,13103,-2.210369,10.01046,-1.020279,-0.8001386,0.2096544,-0.5619816,1,0.3899836,0.6416167,0,0,0,0,0,0,0,0,0,0,0,0,0,0,0,0,1,"右足D",0.8530262,"下半身",0.1469738,"",0,"",0,0,0,0,0,0,0,0,0,0
Vertex,13104,-2.309233,9.574594,-1.039649,-0.7961259,0.2057308,-0.5690855,1,0.3899836,0.6602798,0,0,0,0,0,0,0,0,0,0,0,0,0,0,0,0,1,"右足D",0.8917817,"下半身",0.1082183,"",0,"",0,0,0,0,0,0,0,0,0,0
Vertex,13105,-2.071237,11.28081,-0.6185039,-0.9343703,0.2573434,-0.2464276,1,0.3699926,0.5855598,0,0,0,0,0,0,0,0,0,0,0,0,0,0,0,0,1,"下半身",0.5781566,"右足D",0.4218434,"",0,"",0,0,0,0,0,0,0,0,0,0
Vertex,13106,-1.777482,11.73045,-0.9828922,-0.8256306,0.2119291,-0.5228959,1,0.3899836,0.5616863,0,0,0,0,0,0,0,0,0,0,0,0,0,0,0,0,1,"下半身",0.9264065,"右足D",0.0735935,"",0,"",0,0,0,0,0,0,0,0,0,0
Vertex,13107,-1.686467,12.15907,-0.9713367,-0.8318157,0.2383427,-0.5012737,1,0.3899836,0.5367755,0,0,0,0,0,0,0,0,0,0,0,0,0,0,0,0,2,"下半身",0.9789206,"右足D",0.01913224,"上半身2",0.001947153,"全ての親",0,0,0,0,0,0,0,0,0,0
Vertex,13108,-2.177807,10.88544,-0.6116194,-0.9343476,0.2562103,-0.2476911,1,0.3699926,0.6042422,0,0,0,0,0,0,0,0,0,0,0,0,0,0,0,0,1,"右足D",0.5708333,"下半身",0.4291667,"",0,"",0,0,0,0,0,0,0,0,0,0
Vertex,13109,-1.917553,11.23534,-0.9915637,-0.8109635,0.2194188,-0.5423962,1,0.3899836,0.5855598,0,0,0,0,0,0,0,0,0,0,0,0,0,0,0,0,1,"下半身",0.6152036,"右足D",0.3847964,"",0,"",0,0,0,0,0,0,0,0,0,0
Vertex,13114,-2.019398,10.84313,-0.9930682,-0.810936,0.2105272,-0.5459497,1,0.3899836,0.6042422,0,0,0,0,0,0,0,0,0,0,0,0,0,0,0,0,1,"右足D",0.6647305,"下半身",0.3352695,"",0,"",0,0,0,0,0,0,0,0,0,0
Vertex,13115,-1.465483,12.13181,-1.24327,-0.6783383,0.1672196,-0.7154682,1,0.4089463,0.5367755,0,0,0,0,0,0,0,0,0,0,0,0,0,0,0,0,2,"下半身",0.986124,"右足D",0.01005259,"上半身2",0.00382339,"全ての親",0,0,0,0,0,0,0,0,0,0
Vertex,13116,-1.541821,11.69698,-1.253416,-0.6725292,0.1690996,-0.7204928,1,0.4089463,0.5616863,0,0,0,0,0,0,0,0,0,0,0,0,0,0,0,0,1,"下半身",0.960592,"右足D",0.03940803,"",0,"",0,0,0,0,0,0,0,0,0,0
Vertex,13117,-2.113032,10.44504,-1.002112,-0.8067839,0.2091042,-0.5526076,1,0.3899836,0.6224543,0,0,0,0,0,0,0,0,0,0,0,0,0,0,0,0,1,"右足D",0.7843174,"下半身",0.2156826,"",0,"",0,0,0,0,0,0,0,0,0,0
Vertex,13119,-1.211498,12.11354,-1.444042,-0.5182436,0.1421694,-0.8433335,1,0.4274523,0.5367755,0,0,0,0,0,0,0,0,0,0,0,0,0,0,0,0,2,"下半身",0.9868508,"上半身2",0.009230351,"右足D",0.003918839,"全ての親",0,0,0,0,0,0,0,0,0,0
Vertex,13121,-0.610012,12.0939,-1.692958,-0.2704231,0.1176606,-0.9555246,1,0.464085,0.5367755,0,0,0,0,0,0,0,0,0,0,0,0,0,0,0,0,2,"下半身",0.9524503,"上半身2",0.03972423,"右足D",0.007825517,"全ての親",0,0,0,0,0,0,0,0,0,0
Vertex,13122,-0.9077324,12.10282,-1.590515,-0.3703761,0.1270385,-0.9201537,1,0.4461324,0.5367755,0,0,0,0,0,0,0,0,0,0,0,0,0,0,0,0,2,"下半身",0.981941,"上半身2",0.01382624,"右足D",0.004232706,"全ての親",0,0,0,0,0,0,0,0,0,0
Vertex,13123,-1.647588,11.19756,-1.279825,-0.6475143,0.1737262,-0.7419869,1,0.4089463,0.5855598,0,0,0,0,0,0,0,0,0,0,0,0,0,0,0,0,1,"下半身",0.6607556,"右足D",0.3392444,"",0,"",0,0,0,0,0,0,0,0,0,0
Vertex,13124,-1.737843,10.80509,-1.293455,-0.6523077,0.1749259,-0.7374928,1,0.4089463,0.6042422,0,0,0,0,0,0,0,0,0,0,0,0,0,0,0,0,1,"右足D",0.6483873,"下半身",0.3516127,"",0,"",0,0,0,0,0,0,0,0,0,0
Vertex,13125,-0.3254573,12.08746,-1.759432,-0.1552144,0.1251267,-0.9799244,1,0.4814296,0.5367755,0,0,0,0,0,0,0,0,0,0,0,0,0,0,0,0,2,"下半身",0.9490122,"上半身2",0.04588306,"右足D",0.005104688,"全ての親",0,0,0,0,0,0,0,0,0,0
Vertex,13126,-0.3419404,11.6373,-1.788326,-0.1644479,0.09313262,-0.9819793,1,0.4814296,0.5616863,0,0,0,0,0,0,0,0,0,0,0,0,0,0,0,0,2,"下半身",0.9714715,"上半身2",0.01596707,"右足D",0.01256139,"全ての親",0,0,0,0,0,0,0,0,0,0
Vertex,13127,-0.9550704,11.65582,-1.613805,-0.3817804,0.1121318,-0.9174259,1,0.4461324,0.5616863,0,0,0,0,0,0,0,0,0,0,0,0,0,0,0,0,1,"下半身",0.975962,"右足D",0.02403802,"",0,"",0,0,0,0,0,0,0,0,0,0
Vertex,13128,-1.276393,11.67242,-1.45138,-0.5401462,0.1329382,-0.8310052,1,0.4274523,0.5616863,0,0,0,0,0,0,0,0,0,0,0,0,0,0,0,0,1,"下半身",0.9633086,"右足D",0.03669137,"",0,"",0,0,0,0,0,0,0,0,0,0
Vertex,13129,-0.6412845,11.64563,-1.719002,-0.2710876,0.09713434,-0.9576411,1,0.464085,0.5616863,0,0,0,0,0,0,0,0,0,0,0,0,0,0,0,0,2,"下半身",0.9641701,"右足D",0.02193832,"上半身2",0.01389159,"全ての親",0,0,0,0,0,0,0,0,0,0
Vertex,13130,-1.35357,11.16699,-1.500462,-0.4909668,0.1501041,-0.8581494,1,0.4274523,0.5855598,0,0,0,0,0,0,0,0,0,0,0,0,0,0,0,0,1,"下半身",0.7844655,"右足D",0.2155345,"",0,"",0,0,0,0,0,0,0,0,0,0
Vertex,13131,-0.004398676,11.63016,-1.832635,-0.0002428229,0.1164363,-0.9931982,1,0.4999426,0.5616863,0,0,0,0,0,0,0,0,0,0,0,0,0,0,0,0,2,"下半身",0.9714715,"上半身2",0.01596707,"右足D",0.01256139,"全ての親",0,0,0,0,0,0,0,0,0,0
Vertex,13132,-0.3641953,11.12205,-1.845609,-0.1785794,0.1191273,-0.9766873,1,0.4814296,0.5855598,0,0,0,0,0,0,0,0,0,0,0,0,0,0,0,0,2,"下半身",0.9757849,"右足D",0.02318936,"左足D",0.001025769,"全ての親",0,0,0,0,0,0,0,0,0,0
Vertex,13133,-1.819758,10.40665,-1.316156,-0.6519247,0.1783878,-0.737002,1,0.4089463,0.6224543,0,0,0,0,0,0,0,0,0,0,0,0,0,0,0,0,1,"右足D",0.7719441,"下半身",0.2280559,"",0,"",0,0,0,0,0,0,0,0,0,0
Vertex,13134,-0.3843433,10.72013,-1.897979,-0.1829743,0.1205329,-0.9757009,1,0.4814296,0.6042422,0,0,0,0,0,0,0,0,0,0,0,0,0,0,0,0,2,"下半身",0.7346429,"右足D",0.1968957,"左足D",0.06846141,"全ての親",0,0,0,0,0,0,0,0,0,0
Vertex,13135,-0.6771629,11.13244,-1.769918,-0.2694592,0.1224536,-0.9551947,1,0.464085,0.5855598,0,0,0,0,0,0,0,0,0,0,0,0,0,0,0,0,1,"下半身",0.9566981,"右足D",0.04330194,"",0,"",0,0,0,0,0,0,0,0,0,0
Vertex,13136,-0.003998302,11.11774,-1.901011,-0.0001941929,0.1207661,-0.992681,1,0.4999426,0.5855598,0,0,0,0,0,0,0,0,0,0,0,0,0,0,0,0,2,"下半身",0.77,"右足D",0.12,"左足D",0.11,"全ての親",0,0,0,0,0,0,0,0,0,0
Vertex,13137,-0.7251302,10.73444,-1.815791,-0.280376,0.1294317,-0.951124,1,0.464085,0.6042422,0,0,0,0,0,0,0,0,0,0,0,0,0,0,0,0,1,"下半身",0.6693805,"右足D",0.3306195,"",0,"",0,0,0,0,0,0,0,0,0,0
Vertex,13138,-1.005799,11.14572,-1.66362,-0.3531987,0.130081,-0.9264608,1,0.4461324,0.5855598,0,0,0,0,0,0,0,0,0,0,0,0,0,0,0,0,1,"下半身",0.909752,"右足D",0.09024799,"",0,"",0,0,0,0,0,0,0,0,0,0
Vertex,13139,-0.7715075,10.33163,-1.859663,-0.2780969,0.1303624,-0.9516658,1,0.464085,0.6224543,0,0,0,0,0,0,0,0,0,0,0,0,0,0,0,0,1,"右足D",0.5992777,"下半身",0.4007223,"",0,"",0,0,0,0,0,0,0,0,0,0
Vertex,13140,-1.072202,10.75046,-1.698042,-0.3690769,0.1364735,-0.9193243,1,0.4461324,0.6042422,0,0,0,0,0,0,0,0,0,0,0,0,0,0,0,0,1,"下半身",0.5396116,"右足D",0.4603884,"",0,"",0,0,0,0,0,0,0,0,0,0
Vertex,13141,-1.432821,10.77412,-1.526657,-0.5045187,0.1533003,-0.8496822,1,0.4274523,0.6042422,0,0,0,0,0,0,0,0,0,0,0,0,0,0,0,0,1,"右足D",0.5889456,"下半身",0.4110544,"",0,"",0,0,0,0,0,0,0,0,0,0
Vertex,13142,-1.904811,9.971886,-1.348141,-0.6475694,0.1810415,-0.7401877,1,0.4089463,0.6416167,0,0,0,0,0,0,0,0,0,0,0,0,0,0,0,0,1,"右足D",0.8484141,"下半身",0.1515859,"",0,"",0,0,0,0,0,0,0,0,0,0
Vertex,13143,0.3572301,11.12205,-1.845609,0.17844,0.119148,-0.9767103,1,0.5184557,0.5855598,0,0,0,0,0,0,0,0,0,0,0,0,0,0,0,0,2,"下半身",0.9757849,"左足D",0.02318936,"右足D",0.001025769,"全ての親",0,0,0,0,0,0,0,0,0,0
Vertex,13144,0.6343195,11.64563,-1.719002,0.2710875,0.09713427,-0.9576411,1,0.5358003,0.5616863,0,0,0,0,0,0,0,0,0,0,0,0,0,0,0,0,2,"下半身",0.9641701,"左足D",0.02193832,"上半身2",0.01389159,"全ての親",0,0,0,0,0,0,0,0,0,0
Vertex,13145,-1.128871,10.35064,-1.737636,-0.3887905,0.145312,-0.9097947,1,0.4461324,0.6224543,0,0,0,0,0,0,0,0,0,0,0,0,0,0,0,0,1,"右足D",0.6459924,"下半身",0.3540076,"",0,"",0,0,0,0,0,0,0,0,0,0
Vertex,13146,-1.186986,9.914003,-1.785439,-0.3584437,0.1457219,-0.9221081,1,0.4461324,0.6416167,0,0,0,0,0,0,0,0,0,0,0,0,0,0,0,0,1,"右足D",0.7804258,"下半身",0.2195742,"",0,"",0,0,0,0,0,0,0,0,0,0
Vertex,13147,-1.562245,9.940631,-1.60197,-0.4920053,0.1606192,-0.8556473,1,0.4274523,0.6416167,0,0,0,0,0,0,0,0,0,0,0,0,0,0,0,0,1,"右足D",0.7846618,"下半身",0.2153382,"",0,"",0,0,0,0,0,0,0,0,0,0
Vertex,13148,-1.498211,10.37519,-1.558718,-0.5208694,0.1587902,-0.8387375,1,0.4274523,0.6224543,0,0,0,0,0,0,0,0,0,0,0,0,0,0,0,0,1,"右足D",0.7439323,"下半身",0.2560677,"",0,"",0,0,0,0,0,0,0,0,0,0
Vertex,13149,-1.988812,9.535995,-1.38099,-0.6463271,0.1782828,-0.741941,1,0.4089463,0.6602798,0,0,0,0,0,0,0,0,0,0,0,0,0,0,0,0,1,"右足D",0.8866764,"下半身",0.1133236,"",0,"",0,0,0,0,0,0,0,0,0,0
Vertex,13150,-2.407894,9.137869,-1.052215,-0.7934363,0.1983937,-0.5754119,1,0.3899836,0.6784872,0,0,0,0,0,0,0,0,0,0,0,0,0,0,0,0,1,"右足D",0.929225,"下半身",0.07077497,"",0,"",0,0,0,0,0,0,0,0,0,0
Vertex,13151,-2.507794,8.700729,-1.057313,-0.7923319,0.1994244,-0.5765762,1,0.3899836,0.6962823,0,0,0,0,0,0,0,0,0,0,0,0,0,0,0,0,1,"右足D",0.9562271,"下半身",0.04377294,"",0,"",0,0,0,0,0,0,0,0,0,0
Vertex,13152,-2.75674,8.746867,-0.591639,-0.9150843,0.2406464,-0.3235893,1,0.3699926,0.6962823,0,0,0,0,0,0,0,0,0,0,0,0,0,0,0,0,1,"右足D",0.9513146,"下半身",0.04868543,"",0,"",0,0,0,0,0,0,0,0,0,0
Vertex,13153,-2.981342,8.294727,-0.05381371,-0.9598392,0.2760737,-0.0499199,1,0.3500383,0.7160512,0,0,0,0,0,0,0,0,0,0,0,0,0,0,0,0,1,"右足D",0.9693161,"下半身",0.03068393,"",0,"",0,0,0,0,0,0,0,0,0,0
Vertex,13154,-2.886528,8.250689,-0.587201,-0.90894,0.243965,-0.3380963,1,0.3699926,0.7160512,0,0,0,0,0,0,0,0,0,0,0,0,0,0,0,0,1,"右足D",0.9716718,"下半身",0.02832818,"",0,"",0,0,0,0,0,0,0,0,0,0
Vertex,13155,-3.127928,7.799415,-0.03281529,-0.9615494,0.2736882,-0.02274831,1,0.3500383,0.7354382,0,0,0,0,0,0,0,0,0,0,0,0,0,0,0,0,2,"右足D",0.98206,"下半身",0.01453396,"右ひざD",0.003406039,"全ての親",0,0,0,0,0,0,0,0,0,0
Vertex,13156,-3.021242,7.753853,-0.5855732,-0.9073779,0.246668,-0.3403238,1,0.3699926,0.7354382,0,0,0,0,0,0,0,0,0,0,0,0,0,0,0,0,2,"右足D",0.9822079,"下半身",0.01391886,"右ひざD",0.003873227,"全ての親",0,0,0,0,0,0,0,0,0,0
Vertex,13157,-3.158502,7.252459,-0.5878305,-0.9075264,0.2493857,-0.3379389,1,0.3699926,0.7545938,0,0,0,0,0,0,0,0,0,0,0,0,0,0,0,0,2,"右足D",0.982421,"右ひざD",0.01160441,"下半身",0.005974634,"全ての親",0,0,0,0,0,0,0,0,0,0
Vertex,13158,-3.264147,7.299158,-0.01112221,-0.9630053,0.2682295,-0.02595617,1,0.3500383,0.7545938,0,0,0,0,0,0,0,0,0,0,0,0,0,0,0,0,2,"右足D",0.9831024,"右ひざD",0.01069622,"下半身",0.006201387,"全ての親",0,0,0,0,0,0,0,0,0,0
Vertex,13159,-3.55252,6.241619,0.0225912,-0.9633759,0.2653452,-0.03871625,1,0.3500383,0.7936038,0,0,0,0,0,0,0,0,0,0,0,0,0,0,0,0,1,"右足D",0.7599652,"右ひざD",0.2400348,"",0,"",0,0,0,0,0,0,0,0,0,0
Vertex,13160,-3.403394,6.797506,0.0108422,-0.9627844,0.2685753,-0.0302251,1,0.3500383,0.773494,0,0,0,0,0,0,0,0,0,0,0,0,0,0,0,0,2,"右足D",0.955979,"右ひざD",0.04135755,"下半身",0.002663474,"全ての親",0,0,0,0,0,0,0,0,0,0
Vertex,13161,-3.298284,6.749845,-0.5906873,-0.9092512,0.2454901,-0.3361502,1,0.3699926,0.773494,0,0,0,0,0,0,0,0,0,0,0,0,0,0,0,0,2,"右足D",0.9551958,"右ひざD",0.04231192,"下半身",0.002492241,"全ての親",0,0,0,0,0,0,0,0,0,0
Vertex,13162,-3.633557,5.716402,0.6915277,-0.9271896,0.2847543,0.2433813,1,0.3305092,0.8136519,0,0,0,0,0,0,0,0,0,0,0,0,0,0,0,0,1,"右ひざD",0.6385484,"右足D",0.3614516,"",0,"",0,0,0,0,0,0,0,0,0,0
Vertex,13163,-2.62851,8.203764,-1.067397,-0.7875687,0.2106516,-0.5791041,1,0.3899836,0.7160512,0,0,0,0,0,0,0,0,0,0,0,0,0,0,0,0,1,"右足D",0.974251,"下半身",0.02574903,"",0,"",0,0,0,0,0,0,0,0,0,0
